cat.47.jpg,455,445
cat.23.jpg,417,483
cat.46.jpg,120,780
cat.1.jpg,38,862
cat.64.jpg,364,536
cat.66.jpg,553,347
cat.3.jpg,721,179
cat.30.jpg,640,260
cat.58.jpg,484,416
cat.2.jpg,495,405
cat.14.jpg,309,591
cat.4.jpg,319,581
cat.36.jpg,585,315
cat.20.jpg,603,297
cat.32.jpg,897,3
cat.39.jpg,173,727
cat.12.jpg,329,571
cat.61.jpg,141,759
cat.7.jpg,204,696
cat.5.jpg,587,313
cat.13.jpg,740,160
cat.38.jpg,307,593
cat.93.jpg,514,386
cat.31.jpg,544,356
cat.41.jpg,458,442
cat.57.jpg,259,641
cat.55.jpg,183,717
cat.33.jpg,123,777
cat.10.jpg,409,491
cat.35.jpg,147,753
cat.9.jpg,612,288
cat.19.jpg,304,596
cat.56.jpg,492,408
cat.34.jpg,409,491
cat.54.jpg,281,619
cat.43.jpg,476,424
cat.29.jpg,522,378
cat.42.jpg,716,184
cat.53.jpg,221,679
cat.16.jpg,522,378
cat.50.jpg,422,478
cat.28.jpg,348,552
cat.59.jpg,657,243
cat.11.jpg,260,640
cat.40.jpg,183,717
cat.63.jpg,386,514
cat.51.jpg,159,741
cat.22.jpg,69,831
cat.21.jpg,419,481
cat.18.jpg,264,636
