DOG,dog.10985.jpg,103708
DOG,dog.11492.jpg,113860
DOG,dog.12388.jpg,72356
DOG,dog.12283.jpg,89718
DOG,dog.11193.jpg,110944
DOG,dog.11368.jpg,65354
DOG,dog.12035.jpg,124022
DOG,dog.1017.jpg,90636
DOG,dog.11545.jpg,86102
DOG,dog.11033.jpg,114029
DOG,dog.11012.jpg,99574
DOG,dog.1623.jpg,104610
DOG,dog.1219.jpg,116002
DOG,dog.10290.jpg,113421
DOG,dog.10815.jpg,85959
DOG,dog.11564.jpg,135295
DOG,dog.10450.jpg,124645
DOG,dog.11390.jpg,103975
DOG,dog.1151.jpg,67112
DOG,dog.11470.jpg,137837
DOG,dog.11498.jpg,77144
DOG,dog.12343.jpg,100614
DOG,dog.11914.jpg,92519
DOG,dog.11090.jpg,96002
DOG,dog.12207.jpg,131776
DOG,dog.10114.jpg,66922
DOG,dog.11143.jpg,149167
DOG,dog.10225.jpg,128507
DOG,dog.11401.jpg,119457
DOG,dog.1101.jpg,109475
DOG,dog.11800.jpg,122080
DOG,dog.1523.jpg,145142
DOG,dog.11882.jpg,116970
DOG,dog.10002.jpg,98981
DOG,dog.12201.jpg,126359
DOG,dog.12131.jpg,125217
DOG,dog.12321.jpg,80898
DOG,dog.1608.jpg,81996
DOG,dog.1463.jpg,99973
DOG,dog.11648.jpg,106224
DOG,dog.11755.jpg,160567
DOG,dog.11339.jpg,124782
DOG,dog.10566.jpg,114933
DOG,dog.11366.jpg,114819
DOG,dog.12357.jpg,95861
DOG,dog.1222.jpg,100800
DOG,dog.11241.jpg,115983
DOG,dog.1542.jpg,91209
DOG,dog.10962.jpg,93084
DOG,dog.12099.jpg,145180
DOG,dog.12135.jpg,117905
DOG,dog.11727.jpg,148415
DOG,dog.10779.jpg,102433
DOG,dog.10294.jpg,91716
DOG,dog.12386.jpg,109214
DOG,dog.10351.jpg,110988
DOG,dog.12331.jpg,91515
DOG,dog.1023.jpg,130443
DOG,dog.11541.jpg,172126
DOG,dog.11573.jpg,101887
DOG,dog.11926.jpg,99202
DOG,dog.11944.jpg,108125
DOG,dog.11608.jpg,148417
DOG,dog.12305.jpg,124359
DOG,dog.11469.jpg,108289
DOG,dog.10872.jpg,105178
DOG,dog.10809.jpg,69739
DOG,dog.1278.jpg,114765
DOG,dog.10678.jpg,95021
DOG,dog.11670.jpg,106915
DOG,dog.1387.jpg,92881
DOG,dog.10511.jpg,113693
DOG,dog.10454.jpg,115743
DOG,dog.11602.jpg,103426
DOG,dog.10426.jpg,100192
DOG,dog.11285.jpg,94178
DOG,dog.11431.jpg,80379
DOG,dog.10857.jpg,104553
DOG,dog.1648.jpg,76881
DOG,dog.11675.jpg,107031
DOG,dog.11907.jpg,103801
DOG,dog.10666.jpg,88919
DOG,dog.11599.jpg,77556
DOG,dog.1636.jpg,143167
DOG,dog.10533.jpg,126733
DOG,dog.11938.jpg,60763
DOG,dog.10222.jpg,91045
DOG,dog.1560.jpg,133013
DOG,dog.11979.jpg,130415
DOG,dog.11013.jpg,119036
DOG,dog.11144.jpg,87664
DOG,dog.11311.jpg,91555
DOG,dog.11219.jpg,124387
DOG,dog.11693.jpg,91371
DOG,dog.11780.jpg,126349
DOG,dog.10743.jpg,100376
DOG,dog.1200.jpg,46582
DOG,dog.12263.jpg,96007
DOG,dog.1515.jpg,103693
DOG,dog.1449.jpg,97601
DOG,dog.12043.jpg,113241
DOG,dog.1224.jpg,109422
DOG,dog.10518.jpg,93101
DOG,dog.11562.jpg,110171
DOG,dog.11606.jpg,122249
DOG,dog.1006.jpg,115676
DOG,dog.11636.jpg,93345
DOG,dog.1616.jpg,86315
DOG,dog.1125.jpg,72888
DOG,dog.1575.jpg,134204
DOG,dog.12042.jpg,121213
DOG,dog.12406.jpg,114506
DOG,dog.1284.jpg,115698
DOG,dog.1541.jpg,155713
DOG,dog.1533.jpg,108867
DOG,dog.1403.jpg,112968
DOG,dog.10741.jpg,93200
DOG,dog.10909.jpg,127182
DOG,dog.10546.jpg,154784
DOG,dog.12433.jpg,125319
DOG,dog.10423.jpg,130910
DOG,dog.12152.jpg,78105
DOG,dog.1194.jpg,97310
DOG,dog.10903.jpg,156134
DOG,dog.12436.jpg,63871
DOG,dog.11423.jpg,93409
DOG,dog.10194.jpg,163108
DOG,dog.11754.jpg,60237
DOG,dog.1594.jpg,98789
DOG,dog.10679.jpg,85391
DOG,dog.10505.jpg,111475
DOG,dog.11208.jpg,132824
DOG,dog.11777.jpg,47905
DOG,dog.1201.jpg,105620
DOG,dog.12184.jpg,95905
DOG,dog.10082.jpg,124019
DOG,dog.10138.jpg,100845
DOG,dog.10288.jpg,109866
DOG,dog.11444.jpg,87653
DOG,dog.10134.jpg,123040
DOG,dog.10298.jpg,83316
DOG,dog.10369.jpg,147021
DOG,dog.11861.jpg,126356
DOG,dog.12304.jpg,113716
DOG,dog.11787.jpg,110972
DOG,dog.1600.jpg,93681
DOG,dog.1166.jpg,155387
DOG,dog.12095.jpg,112305
DOG,dog.10051.jpg,80959
DOG,dog.12312.jpg,151235
DOG,dog.11037.jpg,97850
DOG,dog.1333.jpg,169681
DOG,dog.1439.jpg,94927
DOG,dog.11058.jpg,90981
DOG,dog.11820.jpg,102640
DOG,dog.12272.jpg,102891
DOG,dog.1239.jpg,107443
DOG,dog.10976.jpg,122521
DOG,dog.10878.jpg,98234
DOG,dog.1402.jpg,85555
DOG,dog.11662.jpg,122382
DOG,dog.10750.jpg,94582
DOG,dog.11370.jpg,82127
DOG,dog.1567.jpg,97230
DOG,dog.10245.jpg,90813
DOG,dog.12252.jpg,133942
DOG,dog.11678.jpg,134028
DOG,dog.11879.jpg,67765
DOG,dog.11468.jpg,79989
DOG,dog.11936.jpg,128449
DOG,dog.11667.jpg,124116
DOG,dog.1268.jpg,125569
DOG,dog.10250.jpg,106689
DOG,dog.1486.jpg,116899
DOG,dog.1159.jpg,112543
DOG,dog.10835.jpg,130197
DOG,dog.11081.jpg,67617
DOG,dog.11957.jpg,104945
DOG,dog.11046.jpg,81914
DOG,dog.11920.jpg,72188
DOG,dog.10490.jpg,102449
DOG,dog.10417.jpg,95956
DOG,dog.1074.jpg,112320
DOG,dog.10579.jpg,137697
DOG,dog.1535.jpg,119921
DOG,dog.10597.jpg,135336
DOG,dog.10072.jpg,144020
DOG,dog.1252.jpg,74034
DOG,dog.11153.jpg,91682
DOG,dog.11061.jpg,89439
DOG,dog.11222.jpg,98011
DOG,dog.12067.jpg,116303
DOG,dog.11319.jpg,126029
DOG,dog.10405.jpg,108398
DOG,dog.1539.jpg,87552
DOG,dog.12267.jpg,87447
DOG,dog.11669.jpg,137535
DOG,dog.1339.jpg,113819
DOG,dog.11581.jpg,86686
DOG,dog.11737.jpg,114236
DOG,dog.10715.jpg,93878
DOG,dog.10156.jpg,122310
DOG,dog.12389.jpg,121327
DOG,dog.1453.jpg,70336
DOG,dog.10575.jpg,82422
DOG,dog.11188.jpg,102058
DOG,dog.10587.jpg,138499
DOG,dog.11146.jpg,86312
DOG,dog.10553.jpg,106164
DOG,dog.11491.jpg,80359
DOG,dog.11642.jpg,112652
DOG,dog.12085.jpg,68106
DOG,dog.10221.jpg,123701
DOG,dog.12340.jpg,122595
DOG,dog.1096.jpg,117491
DOG,dog.1530.jpg,129178
DOG,dog.10100.jpg,101094
DOG,dog.12000.jpg,120805
DOG,dog.11190.jpg,147329
DOG,dog.11154.jpg,119635
DOG,dog.12480.jpg,58738
DOG,dog.10121.jpg,100440
DOG,dog.12395.jpg,85833
DOG,dog.12341.jpg,107206
DOG,dog.11839.jpg,109595
DOG,dog.11908.jpg,102422
DOG,dog.10730.jpg,109549
DOG,dog.149.jpg,126107
DOG,dog.1082.jpg,104591
DOG,dog.10619.jpg,104999
DOG,dog.12120.jpg,113412
DOG,dog.11071.jpg,96469
DOG,dog.11845.jpg,160810
DOG,dog.1348.jpg,98880
DOG,dog.10381.jpg,101786
DOG,dog.12069.jpg,106529
DOG,dog.10425.jpg,112090
DOG,dog.11345.jpg,108247
DOG,dog.11112.jpg,99550
DOG,dog.11024.jpg,112568
DOG,dog.12419.jpg,162676
DOG,dog.1079.jpg,130710
DOG,dog.123.jpg,142137
DOG,dog.12026.jpg,103089
DOG,dog.10542.jpg,111462
DOG,dog.10762.jpg,119117
DOG,dog.1437.jpg,112902
DOG,dog.10180.jpg,107508
DOG,dog.10530.jpg,88527
DOG,dog.11261.jpg,92205
DOG,dog.11202.jpg,94195
DOG,dog.11603.jpg,97489
DOG,dog.11371.jpg,98108
DOG,dog.12098.jpg,68672
DOG,dog.11155.jpg,118880
DOG,dog.1137.jpg,85736
DOG,dog.10083.jpg,119914
DOG,dog.10884.jpg,111326
DOG,dog.11076.jpg,135252
DOG,dog.10280.jpg,108688
DOG,dog.10380.jpg,119675
DOG,dog.12287.jpg,67726
DOG,dog.12029.jpg,76895
DOG,dog.10543.jpg,112334
DOG,dog.10945.jpg,78659
DOG,dog.11110.jpg,106391
DOG,dog.11109.jpg,75064
DOG,dog.124.jpg,84592
DOG,dog.11466.jpg,138747
DOG,dog.11880.jpg,97218
DOG,dog.1331.jpg,76667
DOG,dog.1198.jpg,118020
DOG,dog.12212.jpg,114995
DOG,dog.10384.jpg,129839
DOG,dog.12007.jpg,113123
DOG,dog.10688.jpg,112269
DOG,dog.1400.jpg,115940
DOG,dog.10783.jpg,145352
DOG,dog.10594.jpg,103956
DOG,dog.11221.jpg,108089
DOG,dog.11275.jpg,155620
DOG,dog.10858.jpg,130831
DOG,dog.10413.jpg,143131
DOG,dog.10764.jpg,94103
DOG,dog.12469.jpg,90838
DOG,dog.12289.jpg,145344
DOG,dog.10628.jpg,139151
DOG,dog.11837.jpg,126430
DOG,dog.10354.jpg,121255
DOG,dog.12234.jpg,118267
DOG,dog.10538.jpg,171195
DOG,dog.11239.jpg,88484
DOG,dog.1073.jpg,114741
DOG,dog.1643.jpg,100997
DOG,dog.1460.jpg,132555
DOG,dog.12466.jpg,86948
DOG,dog.10108.jpg,130274
DOG,dog.10074.jpg,129544
DOG,dog.10706.jpg,92996
DOG,dog.1248.jpg,72836
DOG,dog.1398.jpg,74898
DOG,dog.11982.jpg,89547
DOG,dog.10408.jpg,104449
DOG,dog.1472.jpg,107375
DOG,dog.10125.jpg,89760
DOG,dog.1116.jpg,106653
DOG,dog.12141.jpg,62547
DOG,dog.10749.jpg,132490
DOG,dog.11886.jpg,85225
DOG,dog.11966.jpg,71299
DOG,dog.12483.jpg,81797
DOG,dog.11200.jpg,81739
DOG,dog.10559.jpg,100095
DOG,dog.11687.jpg,83157
DOG,dog.1503.jpg,117911
DOG,dog.12409.jpg,98664
DOG,dog.10850.jpg,161827
DOG,dog.10692.jpg,147990
DOG,dog.11939.jpg,130554
DOG,dog.12443.jpg,85521
DOG,dog.12155.jpg,74132
DOG,dog.10983.jpg,79255
DOG,dog.10164.jpg,120777
DOG,dog.1327.jpg,89295
DOG,dog.11088.jpg,97300
DOG,dog.12151.jpg,106718
DOG,dog.11475.jpg,123157
DOG,dog.10126.jpg,116616
DOG,dog.10466.jpg,119380
DOG,dog.11440.jpg,133154
DOG,dog.1110.jpg,99827
DOG,dog.11129.jpg,116393
DOG,dog.1483.jpg,113641
DOG,dog.11851.jpg,119707
DOG,dog.1358.jpg,116657
DOG,dog.11575.jpg,107770
DOG,dog.10713.jpg,105245
DOG,dog.11881.jpg,122788
DOG,dog.1316.jpg,107882
DOG,dog.1303.jpg,118367
DOG,dog.12370.jpg,153484
DOG,dog.1188.jpg,96529
DOG,dog.1144.jpg,85440
DOG,dog.10921.jpg,69089
DOG,dog.1467.jpg,135486
DOG,dog.1574.jpg,112552
DOG,dog.1312.jpg,81221
DOG,dog.1394.jpg,122179
DOG,dog.11277.jpg,93068
DOG,dog.1271.jpg,48191
DOG,dog.11093.jpg,68535
DOG,dog.11889.jpg,135828
DOG,dog.12394.jpg,107035
DOG,dog.10353.jpg,112140
DOG,dog.12024.jpg,53677
DOG,dog.11398.jpg,56971
DOG,dog.12378.jpg,115858
DOG,dog.12372.jpg,152915
DOG,dog.11698.jpg,60188
DOG,dog.10846.jpg,116328
DOG,dog.1511.jpg,104647
DOG,dog.10593.jpg,128714
DOG,dog.12477.jpg,96407
DOG,dog.12241.jpg,113737
DOG,dog.12071.jpg,111498
DOG,dog.1065.jpg,137196
DOG,dog.1628.jpg,93095
DOG,dog.10751.jpg,143155
DOG,dog.1255.jpg,63777
DOG,dog.11376.jpg,140097
DOG,dog.11681.jpg,91728
DOG,dog.1002.jpg,135913
DOG,dog.12360.jpg,96208
DOG,dog.10643.jpg,116975
DOG,dog.10793.jpg,118575
DOG,dog.12242.jpg,118061
DOG,dog.11481.jpg,123942
DOG,dog.10217.jpg,72439
DOG,dog.11328.jpg,115832
DOG,dog.1277.jpg,97344
DOG,dog.10128.jpg,98549
DOG,dog.12032.jpg,106634
DOG,dog.11296.jpg,115898
DOG,dog.11107.jpg,90429
DOG,dog.12054.jpg,91923
DOG,dog.10383.jpg,97533
DOG,dog.1399.jpg,109532
DOG,dog.10998.jpg,121383
DOG,dog.11850.jpg,115584
DOG,dog.136.jpg,111083
DOG,dog.1518.jpg,81185
DOG,dog.10340.jpg,122320
DOG,dog.10591.jpg,90740
DOG,dog.11367.jpg,157592
DOG,dog.10041.jpg,76075
DOG,dog.1054.jpg,165636
DOG,dog.10890.jpg,98720
DOG,dog.10608.jpg,96872
DOG,dog.11336.jpg,101735
DOG,dog.10568.jpg,87037
DOG,dog.10512.jpg,90257
DOG,dog.10639.jpg,165065
DOG,dog.1199.jpg,97995
DOG,dog.10653.jpg,100231
DOG,dog.12235.jpg,91645
DOG,dog.1025.jpg,97092
DOG,dog.10610.jpg,121568
DOG,dog.11890.jpg,114978
DOG,dog.12145.jpg,84844
DOG,dog.11250.jpg,119749
DOG,dog.10523.jpg,123393
DOG,dog.1361.jpg,116027
DOG,dog.10263.jpg,100339
DOG,dog.10771.jpg,67358
DOG,dog.1570.jpg,90430
DOG,dog.10032.jpg,111590
DOG,dog.10129.jpg,124380
DOG,dog.11572.jpg,157907
DOG,dog.11172.jpg,115433
DOG,dog.11965.jpg,123327
DOG,dog.11803.jpg,68280
DOG,dog.10658.jpg,131555
DOG,dog.12173.jpg,80466
DOG,dog.11645.jpg,106680
DOG,dog.11094.jpg,76630
DOG,dog.1302.jpg,106400
DOG,dog.147.jpg,68518
DOG,dog.11811.jpg,115993
DOG,dog.10565.jpg,115759
DOG,dog.12367.jpg,130522
DOG,dog.1433.jpg,112217
DOG,dog.11014.jpg,103100
DOG,dog.10289.jpg,92558
DOG,dog.12070.jpg,107240
DOG,dog.10943.jpg,84217
DOG,dog.1480.jpg,108165
DOG,dog.11467.jpg,123103
DOG,dog.10740.jpg,102100
DOG,dog.11108.jpg,106237
DOG,dog.10913.jpg,102188
DOG,dog.10683.jpg,105336
DOG,dog.10214.jpg,83783
DOG,dog.10852.jpg,99190
DOG,dog.10881.jpg,88159
DOG,dog.10602.jpg,118898
DOG,dog.11233.jpg,52490
DOG,dog.12138.jpg,107673
DOG,dog.11903.jpg,80782
DOG,dog.10828.jpg,139348
DOG,dog.10811.jpg,110542
DOG,dog.1584.jpg,101104
DOG,dog.11326.jpg,115288
DOG,dog.12195.jpg,111868
DOG,dog.1028.jpg,95422
DOG,dog.11147.jpg,82562
DOG,dog.1218.jpg,124848
DOG,dog.10685.jpg,111403
DOG,dog.11399.jpg,122753
DOG,dog.10299.jpg,87245
DOG,dog.10335.jpg,130879
DOG,dog.12404.jpg,112786
DOG,dog.11647.jpg,122660
DOG,dog.11377.jpg,89504
DOG,dog.11197.jpg,107953
DOG,dog.1301.jpg,91729
DOG,dog.10681.jpg,85275
DOG,dog.10218.jpg,88591
DOG,dog.1349.jpg,109162
DOG,dog.1179.jpg,104642
DOG,dog.10690.jpg,152705
DOG,dog.10935.jpg,72875
DOG,dog.1425.jpg,115334
DOG,dog.10109.jpg,134426
DOG,dog.10969.jpg,95102
DOG,dog.11474.jpg,82592
DOG,dog.11637.jpg,120000
DOG,dog.11664.jpg,128725
DOG,dog.1409.jpg,102713
DOG,dog.10404.jpg,107578
DOG,dog.1049.jpg,91653
DOG,dog.1551.jpg,121252
DOG,dog.1489.jpg,147556
DOG,dog.10907.jpg,113125
DOG,dog.10345.jpg,100206
DOG,dog.12037.jpg,172009
DOG,dog.12295.jpg,116891
DOG,dog.10070.jpg,84856
DOG,dog.10974.jpg,107109
DOG,dog.10899.jpg,113114
DOG,dog.10886.jpg,97591
DOG,dog.10322.jpg,86590
DOG,dog.12137.jpg,109561
DOG,dog.10501.jpg,89857
DOG,dog.1577.jpg,112323
DOG,dog.10283.jpg,98584
DOG,dog.103.jpg,103434
DOG,dog.10211.jpg,124667
DOG,dog.11916.jpg,99953
DOG,dog.11287.jpg,118275
DOG,dog.11346.jpg,129544
DOG,dog.10489.jpg,98281
DOG,dog.1250.jpg,100387
DOG,dog.10256.jpg,125469
DOG,dog.1622.jpg,30432
DOG,dog.10963.jpg,125808
DOG,dog.11218.jpg,156214
DOG,dog.11577.jpg,125194
DOG,dog.1122.jpg,74701
DOG,dog.10853.jpg,89475
DOG,dog.12362.jpg,115084
DOG,dog.10829.jpg,71220
DOG,dog.10528.jpg,69821
DOG,dog.1231.jpg,92652
DOG,dog.11934.jpg,85238
DOG,dog.10885.jpg,138871
DOG,dog.11114.jpg,140451
DOG,dog.1161.jpg,171781
DOG,dog.11316.jpg,99797
DOG,dog.11122.jpg,112593
DOG,dog.10664.jpg,89133
DOG,dog.1177.jpg,91437
DOG,dog.12031.jpg,115183
DOG,dog.11411.jpg,87259
DOG,dog.12123.jpg,115698
DOG,dog.1309.jpg,107945
DOG,dog.12444.jpg,128028
DOG,dog.10508.jpg,102226
DOG,dog.12105.jpg,91785
DOG,dog.11529.jpg,118662
DOG,dog.11035.jpg,123695
DOG,dog.10168.jpg,46423
DOG,dog.1456.jpg,66207
DOG,dog.10154.jpg,107280
DOG,dog.12273.jpg,101365
DOG,dog.10473.jpg,134766
DOG,dog.1134.jpg,72081
DOG,dog.11347.jpg,89907
DOG,dog.10120.jpg,111605
DOG,dog.10162.jpg,113752
DOG,dog.12226.jpg,75059
DOG,dog.1466.jpg,125192
DOG,dog.1138.jpg,123150
DOG,dog.12481.jpg,87814
DOG,dog.10034.jpg,132125
DOG,dog.10500.jpg,154439
DOG,dog.12418.jpg,138750
DOG,dog.10013.jpg,106012
DOG,dog.1396.jpg,92306
DOG,dog.10436.jpg,116387
DOG,dog.10572.jpg,75175
DOG,dog.12180.jpg,111700
DOG,dog.11120.jpg,59936
DOG,dog.137.jpg,102379
DOG,dog.12140.jpg,125961
DOG,dog.11415.jpg,93827
DOG,dog.12327.jpg,95358
DOG,dog.10516.jpg,161034
DOG,dog.11494.jpg,119778
DOG,dog.10520.jpg,121101
DOG,dog.11753.jpg,52812
DOG,dog.1566.jpg,112107
DOG,dog.1356.jpg,84579
DOG,dog.10855.jpg,114164
DOG,dog.10624.jpg,57451
DOG,dog.11765.jpg,105527
DOG,dog.12088.jpg,158361
DOG,dog.11588.jpg,113854
DOG,dog.12297.jpg,110334
DOG,dog.1597.jpg,106318
DOG,dog.1238.jpg,93151
DOG,dog.1158.jpg,98579
DOG,dog.11941.jpg,130621
DOG,dog.1031.jpg,95230
DOG,dog.1064.jpg,123868
DOG,dog.11742.jpg,120241
DOG,dog.1012.jpg,99862
DOG,dog.12392.jpg,117255
DOG,dog.11314.jpg,78169
DOG,dog.10718.jpg,143603
DOG,dog.10576.jpg,96791
DOG,dog.10099.jpg,138527
DOG,dog.12093.jpg,108380
DOG,dog.11086.jpg,131495
DOG,dog.12376.jpg,118515
DOG,dog.11220.jpg,121196
DOG,dog.12176.jpg,132119
DOG,dog.10992.jpg,87753
DOG,dog.12398.jpg,91196
DOG,dog.11283.jpg,107103
DOG,dog.1346.jpg,109396
DOG,dog.11532.jpg,53901
DOG,dog.10801.jpg,97286
DOG,dog.11744.jpg,116703
DOG,dog.11840.jpg,119979
DOG,dog.10758.jpg,114273
DOG,dog.10133.jpg,68121
DOG,dog.12493.jpg,112121
DOG,dog.159.jpg,60213
DOG,dog.10590.jpg,111263
DOG,dog.11480.jpg,125637
DOG,dog.1558.jpg,74955
DOG,dog.1376.jpg,104150
DOG,dog.11924.jpg,132476
DOG,dog.11449.jpg,102399
DOG,dog.1378.jpg,124736
DOG,dog.11663.jpg,109732
DOG,dog.10836.jpg,90244
DOG,dog.1645.jpg,115986
DOG,dog.11782.jpg,119314
DOG,dog.11064.jpg,102649
DOG,dog.12110.jpg,116641
DOG,dog.12353.jpg,86766
DOG,dog.1414.jpg,106319
DOG,dog.11864.jpg,81642
DOG,dog.163.jpg,147414
DOG,dog.10390.jpg,83565
DOG,dog.1034.jpg,135215
DOG,dog.11984.jpg,108884
DOG,dog.11605.jpg,92828
DOG,dog.10399.jpg,127902
DOG,dog.10529.jpg,167227
DOG,dog.12347.jpg,86731
DOG,dog.10358.jpg,111473
DOG,dog.10723.jpg,134701
DOG,dog.11616.jpg,103751
DOG,dog.11883.jpg,94393
DOG,dog.11382.jpg,149033
DOG,dog.12448.jpg,102645
DOG,dog.10103.jpg,115001
DOG,dog.11405.jpg,125223
DOG,dog.12039.jpg,115522
DOG,dog.11808.jpg,80284
DOG,dog.12393.jpg,92020
DOG,dog.12499.jpg,120547
DOG,dog.12495.jpg,65928
DOG,dog.10227.jpg,105937
DOG,dog.1097.jpg,65668
DOG,dog.11080.jpg,109475
DOG,dog.10854.jpg,87335
DOG,dog.10780.jpg,121167
DOG,dog.11496.jpg,109373
DOG,dog.11425.jpg,142468
DOG,dog.10912.jpg,86964
DOG,dog.11292.jpg,110263
DOG,dog.11289.jpg,114218
DOG,dog.10445.jpg,104058
DOG,dog.12422.jpg,141620
DOG,dog.10197.jpg,87213
DOG,dog.10636.jpg,92041
DOG,dog.11586.jpg,120844
DOG,dog.11268.jpg,153707
DOG,dog.12320.jpg,102381
DOG,dog.10944.jpg,89941
DOG,dog.11286.jpg,119172
DOG,dog.10841.jpg,126442
DOG,dog.10776.jpg,127320
DOG,dog.11922.jpg,119487
DOG,dog.10142.jpg,90685
DOG,dog.12275.jpg,126142
DOG,dog.11419.jpg,165660
DOG,dog.10583.jpg,76900
DOG,dog.1587.jpg,130689
DOG,dog.11552.jpg,86698
DOG,dog.10438.jpg,76094
DOG,dog.11404.jpg,98663
DOG,dog.10210.jpg,105753
DOG,dog.10265.jpg,79077
DOG,dog.11555.jpg,117244
DOG,dog.10349.jpg,118553
DOG,dog.11629.jpg,87719
DOG,dog.1579.jpg,114003
DOG,dog.11509.jpg,122567
DOG,dog.1564.jpg,108730
DOG,dog.11697.jpg,100041
DOG,dog.10650.jpg,107563
DOG,dog.1341.jpg,105965
DOG,dog.10498.jpg,127814
DOG,dog.12260.jpg,70553
DOG,dog.1207.jpg,112071
DOG,dog.10204.jpg,104142
DOG,dog.10050.jpg,92067
DOG,dog.1611.jpg,107091
DOG,dog.11497.jpg,97241
DOG,dog.12379.jpg,116614
DOG,dog.10882.jpg,109308
DOG,dog.11135.jpg,84185
DOG,dog.11427.jpg,99483
DOG,dog.1242.jpg,125878
DOG,dog.1653.jpg,69589
DOG,dog.11464.jpg,102572
DOG,dog.10486.jpg,73947
DOG,dog.1562.jpg,115212
DOG,dog.1614.jpg,142147
DOG,dog.10203.jpg,115217
DOG,dog.12308.jpg,72459
DOG,dog.12438.jpg,118795
DOG,dog.1274.jpg,95439
DOG,dog.11540.jpg,91441
DOG,dog.1186.jpg,110228
DOG,dog.131.jpg,106583
DOG,dog.10496.jpg,74240
DOG,dog.12111.jpg,102627
DOG,dog.11604.jpg,54750
DOG,dog.11898.jpg,120315
DOG,dog.12402.jpg,84599
DOG,dog.1428.jpg,94656
DOG,dog.11689.jpg,114359
DOG,dog.11459.jpg,48864
DOG,dog.119.jpg,125919
DOG,dog.11018.jpg,135106
DOG,dog.11341.jpg,102598
DOG,dog.1627.jpg,104173
DOG,dog.12299.jpg,71984
DOG,dog.1128.jpg,144526
DOG,dog.1482.jpg,109158
DOG,dog.11692.jpg,114489
DOG,dog.11715.jpg,98101
DOG,dog.10729.jpg,109797
DOG,dog.11797.jpg,107240
DOG,dog.12396.jpg,103828
DOG,dog.10213.jpg,71047
DOG,dog.11712.jpg,133821
DOG,dog.10697.jpg,149424
DOG,dog.11256.jpg,152963
DOG,dog.11978.jpg,148311
DOG,dog.10029.jpg,174735
DOG,dog.12147.jpg,107180
DOG,dog.11923.jpg,104123
DOG,dog.1265.jpg,118382
DOG,dog.1148.jpg,88183
DOG,dog.12249.jpg,121552
DOG,dog.11044.jpg,98392
DOG,dog.1075.jpg,135145
DOG,dog.11443.jpg,130962
DOG,dog.1192.jpg,104467
DOG,dog.10902.jpg,97513
DOG,dog.12206.jpg,66536
DOG,dog.12062.jpg,123897
DOG,dog.11150.jpg,109949
DOG,dog.10812.jpg,86546
DOG,dog.10064.jpg,95147
DOG,dog.11764.jpg,76219
DOG,dog.10195.jpg,121635
DOG,dog.10710.jpg,67787
DOG,dog.10725.jpg,78793
DOG,dog.1328.jpg,73069
DOG,dog.11178.jpg,130342
DOG,dog.10010.jpg,91785
DOG,dog.10816.jpg,125502
DOG,dog.11904.jpg,86243
DOG,dog.11327.jpg,114441
DOG,dog.1630.jpg,134425
DOG,dog.11884.jpg,89250
DOG,dog.11288.jpg,138029
DOG,dog.10324.jpg,90652
DOG,dog.11574.jpg,96634
DOG,dog.11318.jpg,72768
DOG,dog.10201.jpg,113869
DOG,dog.1203.jpg,62993
DOG,dog.10844.jpg,126439
DOG,dog.1048.jpg,121674
DOG,dog.10080.jpg,103531
DOG,dog.12442.jpg,117009
DOG,dog.12220.jpg,68861
DOG,dog.11357.jpg,125675
DOG,dog.12298.jpg,72512
DOG,dog.12354.jpg,144914
DOG,dog.12109.jpg,117094
DOG,dog.10994.jpg,111436
DOG,dog.10422.jpg,75247
DOG,dog.10540.jpg,98206
DOG,dog.12194.jpg,152679
DOG,dog.10709.jpg,92691
DOG,dog.10240.jpg,82195
DOG,dog.10703.jpg,103557
DOG,dog.11489.jpg,109222
DOG,dog.10175.jpg,128595
DOG,dog.10469.jpg,120408
DOG,dog.11539.jpg,116774
DOG,dog.1115.jpg,108730
DOG,dog.11895.jpg,114242
DOG,dog.11216.jpg,92761
DOG,dog.10942.jpg,97710
DOG,dog.10784.jpg,110665
DOG,dog.10343.jpg,141303
DOG,dog.10277.jpg,65481
DOG,dog.1624.jpg,91160
DOG,dog.1559.jpg,47112
DOG,dog.11983.jpg,98135
DOG,dog.1066.jpg,105008
DOG,dog.10620.jpg,108845
DOG,dog.11479.jpg,103573
DOG,dog.1254.jpg,87125
DOG,dog.10712.jpg,111508
DOG,dog.11063.jpg,115894
DOG,dog.11940.jpg,119848
DOG,dog.12204.jpg,101800
DOG,dog.10734.jpg,44448
DOG,dog.12323.jpg,128613
DOG,dog.10141.jpg,113779
DOG,dog.12167.jpg,127512
DOG,dog.12328.jpg,68158
DOG,dog.1011.jpg,88618
DOG,dog.10364.jpg,118443
DOG,dog.10756.jpg,98151
DOG,dog.10055.jpg,108309
DOG,dog.1431.jpg,106275
DOG,dog.113.jpg,130795
DOG,dog.10825.jpg,115483
DOG,dog.1046.jpg,80994
DOG,dog.11763.jpg,97401
DOG,dog.10344.jpg,141226
DOG,dog.1475.jpg,57287
DOG,dog.12412.jpg,115292
DOG,dog.1058.jpg,141983
DOG,dog.11388.jpg,132161
DOG,dog.10427.jpg,102402
DOG,dog.12103.jpg,111233
DOG,dog.1243.jpg,116677
DOG,dog.11069.jpg,72560
DOG,dog.12233.jpg,86579
DOG,dog.12244.jpg,72260
DOG,dog.10837.jpg,104015
DOG,dog.10224.jpg,136584
DOG,dog.11482.jpg,99060
DOG,dog.12461.jpg,83983
DOG,dog.1384.jpg,72323
DOG,dog.10063.jpg,94745
DOG,dog.1543.jpg,94373
DOG,dog.10525.jpg,120520
DOG,dog.11514.jpg,117991
DOG,dog.10760.jpg,116786
DOG,dog.1171.jpg,136325
DOG,dog.10416.jpg,99902
DOG,dog.10805.jpg,122823
DOG,dog.11905.jpg,89663
DOG,dog.11047.jpg,172074
DOG,dog.10014.jpg,89506
DOG,dog.10376.jpg,105826
DOG,dog.10866.jpg,129233
DOG,dog.10424.jpg,107422
DOG,dog.10389.jpg,94993
DOG,dog.1613.jpg,79693
DOG,dog.1440.jpg,122872
DOG,dog.11565.jpg,111675
DOG,dog.10107.jpg,109386
DOG,dog.10230.jpg,162954
DOG,dog.11104.jpg,100519
DOG,dog.12189.jpg,106469
DOG,dog.12008.jpg,117740
DOG,dog.11174.jpg,72363
DOG,dog.11513.jpg,93497
DOG,dog.1081.jpg,105795
DOG,dog.10249.jpg,104197
DOG,dog.11340.jpg,111235
DOG,dog.12044.jpg,124760
DOG,dog.152.jpg,97618
DOG,dog.11199.jpg,91236
DOG,dog.11948.jpg,99591
DOG,dog.11752.jpg,177435
DOG,dog.1282.jpg,136207
DOG,dog.10409.jpg,92303
DOG,dog.1473.jpg,94702
DOG,dog.120.jpg,83474
DOG,dog.12383.jpg,77085
DOG,dog.11173.jpg,110350
DOG,dog.10202.jpg,90077
DOG,dog.1060.jpg,120696
DOG,dog.10003.jpg,108915
DOG,dog.10545.jpg,113147
DOG,dog.11925.jpg,67169
DOG,dog.11556.jpg,89760
DOG,dog.10640.jpg,95771
DOG,dog.10569.jpg,106189
DOG,dog.11139.jpg,122783
DOG,dog.11749.jpg,75168
DOG,dog.10321.jpg,55295
DOG,dog.1442.jpg,140002
DOG,dog.10859.jpg,76739
DOG,dog.11123.jpg,137045
DOG,dog.11177.jpg,114048
DOG,dog.11677.jpg,99475
DOG,dog.10877.jpg,97663
DOG,dog.10746.jpg,140488
DOG,dog.10826.jpg,134878
DOG,dog.1042.jpg,143019
DOG,dog.11962.jpg,124255
DOG,dog.10708.jpg,122947
DOG,dog.10229.jpg,112988
DOG,dog.10763.jpg,112241
DOG,dog.11946.jpg,76905
DOG,dog.12303.jpg,89714
DOG,dog.11022.jpg,81857
DOG,dog.11634.jpg,128866
DOG,dog.10867.jpg,83901
DOG,dog.12349.jpg,136219
DOG,dog.12497.jpg,138816
DOG,dog.12203.jpg,141809
DOG,dog.10028.jpg,88452
DOG,dog.12472.jpg,84637
DOG,dog.12467.jpg,97033
DOG,dog.10759.jpg,119655
DOG,dog.1366.jpg,122409
DOG,dog.12217.jpg,119238
DOG,dog.12266.jpg,94897
DOG,dog.10143.jpg,96717
DOG,dog.11070.jpg,113693
DOG,dog.1299.jpg,134625
DOG,dog.1464.jpg,133048
DOG,dog.12391.jpg,168438
DOG,dog.11566.jpg,83580
DOG,dog.134.jpg,142359
DOG,dog.11695.jpg,105766
DOG,dog.1206.jpg,111904
DOG,dog.10910.jpg,83455
DOG,dog.1112.jpg,56612
DOG,dog.12169.jpg,115853
DOG,dog.1506.jpg,105742
DOG,dog.11201.jpg,116707
DOG,dog.10532.jpg,76492
DOG,dog.10585.jpg,87531
DOG,dog.10581.jpg,121416
DOG,dog.10295.jpg,126083
DOG,dog.11618.jpg,88906
DOG,dog.1062.jpg,58027
DOG,dog.11546.jpg,70438
DOG,dog.10415.jpg,155373
DOG,dog.11448.jpg,76401
DOG,dog.11976.jpg,117352
DOG,dog.10982.jpg,130262
DOG,dog.1586.jpg,109400
DOG,dog.11409.jpg,114367
DOG,dog.1229.jpg,52892
DOG,dog.11860.jpg,85722
DOG,dog.1293.jpg,113796
DOG,dog.11987.jpg,111764
DOG,dog.11476.jpg,167396
DOG,dog.12132.jpg,86501
DOG,dog.1430.jpg,120618
DOG,dog.11085.jpg,109150
DOG,dog.11793.jpg,85335
DOG,dog.10015.jpg,84140
DOG,dog.1109.jpg,109153
DOG,dog.10888.jpg,140146
DOG,dog.11641.jpg,146919
DOG,dog.10919.jpg,74217
DOG,dog.10429.jpg,113291
DOG,dog.11182.jpg,141048
DOG,dog.11142.jpg,98987
DOG,dog.10849.jpg,62281
DOG,dog.10188.jpg,37878
DOG,dog.11245.jpg,97548
DOG,dog.11432.jpg,55062
DOG,dog.1629.jpg,129155
DOG,dog.1592.jpg,154661
DOG,dog.10462.jpg,55741
DOG,dog.12317.jpg,106393
DOG,dog.12440.jpg,117726
DOG,dog.10077.jpg,105451
DOG,dog.1117.jpg,127359
DOG,dog.11928.jpg,82106
DOG,dog.11935.jpg,88981
DOG,dog.10241.jpg,110759
DOG,dog.10984.jpg,83002
DOG,dog.11276.jpg,83511
DOG,dog.1149.jpg,128295
DOG,dog.10676.jpg,92919
DOG,dog.11553.jpg,111800
DOG,dog.11067.jpg,85029
DOG,dog.11856.jpg,123255
DOG,dog.10287.jpg,46281
DOG,dog.10521.jpg,91569
DOG,dog.11237.jpg,121229
DOG,dog.11055.jpg,120825
DOG,dog.11943.jpg,84724
DOG,dog.12086.jpg,174810
DOG,dog.10437.jpg,86244
DOG,dog.1552.jpg,111107
DOG,dog.12050.jpg,88410
DOG,dog.1.jpg,125172
DOG,dog.10959.jpg,133929
DOG,dog.12091.jpg,99433
DOG,dog.11512.jpg,83137
DOG,dog.10917.jpg,174099
DOG,dog.10189.jpg,114923
DOG,dog.10611.jpg,76245
DOG,dog.10140.jpg,113754
DOG,dog.11105.jpg,123732
DOG,dog.10011.jpg,96459
DOG,dog.1092.jpg,119663
DOG,dog.1426.jpg,136261
DOG,dog.11317.jpg,68358
DOG,dog.1008.jpg,143880
DOG,dog.10059.jpg,69954
DOG,dog.11017.jpg,113940
DOG,dog.1632.jpg,107526
DOG,dog.10687.jpg,107706
DOG,dog.1306.jpg,75841
DOG,dog.11510.jpg,127476
DOG,dog.10851.jpg,112409
DOG,dog.12285.jpg,74635
DOG,dog.1605.jpg,119179
DOG,dog.10470.jpg,78451
DOG,dog.1438.jpg,87455
DOG,dog.10266.jpg,96032
DOG,dog.10999.jpg,129821
DOG,dog.109.jpg,121228
DOG,dog.12021.jpg,127979
DOG,dog.11658.jpg,111419
DOG,dog.12485.jpg,106330
DOG,dog.11945.jpg,119587
DOG,dog.1602.jpg,137576
DOG,dog.11400.jpg,102677
DOG,dog.11789.jpg,86012
DOG,dog.1315.jpg,124916
DOG,dog.12038.jpg,150844
DOG,dog.11392.jpg,102468
DOG,dog.12211.jpg,99706
DOG,dog.10090.jpg,125932
DOG,dog.11343.jpg,134358
DOG,dog.11791.jpg,111828
DOG,dog.11410.jpg,68244
DOG,dog.11852.jpg,113013
DOG,dog.11095.jpg,166368
DOG,dog.1288.jpg,123498
DOG,dog.10802.jpg,86548
DOG,dog.1245.jpg,86537
DOG,dog.11550.jpg,101145
DOG,dog.12468.jpg,90356
DOG,dog.10372.jpg,130448
DOG,dog.12051.jpg,78000
DOG,dog.11416.jpg,106928
DOG,dog.10219.jpg,124848
DOG,dog.11348.jpg,95214
DOG,dog.12192.jpg,111822
DOG,dog.11001.jpg,78021
DOG,dog.10238.jpg,134124
DOG,dog.1553.jpg,113715
DOG,dog.10153.jpg,116883
DOG,dog.11595.jpg,110357
DOG,dog.11291.jpg,107213
DOG,dog.11271.jpg,82453
DOG,dog.1595.jpg,79459
DOG,dog.12068.jpg,124635
DOG,dog.11465.jpg,170230
DOG,dog.12434.jpg,98406
DOG,dog.1385.jpg,117428
DOG,dog.1156.jpg,119160
DOG,dog.10449.jpg,115069
DOG,dog.12101.jpg,82557
DOG,dog.1457.jpg,158691
DOG,dog.12336.jpg,117073
DOG,dog.10110.jpg,88490
DOG,dog.11478.jpg,136020
DOG,dog.107.jpg,93055
DOG,dog.12371.jpg,127370
DOG,dog.12188.jpg,186378
DOG,dog.11915.jpg,120840
DOG,dog.10347.jpg,137195
DOG,dog.1548.jpg,131876
DOG,dog.11138.jpg,88347
DOG,dog.11249.jpg,56689
DOG,dog.11584.jpg,95548
DOG,dog.12365.jpg,116710
DOG,dog.12458.jpg,94433
DOG,dog.11301.jpg,78918
DOG,dog.10307.jpg,105411
DOG,dog.12484.jpg,105517
DOG,dog.10447.jpg,89978
DOG,dog.10359.jpg,147211
DOG,dog.11258.jpg,73743
DOG,dog.1121.jpg,68234
DOG,dog.10309.jpg,92408
DOG,dog.12399.jpg,92851
DOG,dog.12400.jpg,98616
DOG,dog.1053.jpg,83300
DOG,dog.11707.jpg,132564
DOG,dog.11805.jpg,136405
DOG,dog.10455.jpg,151540
DOG,dog.10158.jpg,107330
DOG,dog.1235.jpg,135833
DOG,dog.1205.jpg,109132
DOG,dog.11590.jpg,91184
DOG,dog.10552.jpg,125720
DOG,dog.11833.jpg,100124
DOG,dog.12014.jpg,100722
DOG,dog.11217.jpg,118224
DOG,dog.12294.jpg,56873
DOG,dog.12421.jpg,87371
DOG,dog.11929.jpg,136198
DOG,dog.10008.jpg,82631
DOG,dog.11175.jpg,96758
DOG,dog.11189.jpg,121815
DOG,dog.11137.jpg,88330
DOG,dog.10350.jpg,121290
DOG,dog.10434.jpg,87055
DOG,dog.10086.jpg,97316
DOG,dog.10411.jpg,74161
DOG,dog.11307.jpg,66172
DOG,dog.10950.jpg,139835
DOG,dog.11804.jpg,100888
DOG,dog.11226.jpg,98833
DOG,dog.11350.jpg,105144
DOG,dog.11796.jpg,101056
DOG,dog.12094.jpg,90296
DOG,dog.11823.jpg,102440
DOG,dog.1093.jpg,87159
DOG,dog.1217.jpg,138211
DOG,dog.11136.jpg,107580
DOG,dog.10752.jpg,112645
DOG,dog.11988.jpg,173119
DOG,dog.10326.jpg,137528
DOG,dog.10922.jpg,102068
DOG,dog.10420.jpg,127995
DOG,dog.12240.jpg,125599
DOG,dog.10049.jpg,116994
DOG,dog.10918.jpg,99543
DOG,dog.11353.jpg,104763
DOG,dog.11841.jpg,156086
DOG,dog.12296.jpg,125450
DOG,dog.1334.jpg,108680
DOG,dog.10929.jpg,113002
DOG,dog.11792.jpg,103187
DOG,dog.12300.jpg,78480
DOG,dog.12282.jpg,107230
DOG,dog.1272.jpg,116756
DOG,dog.11640.jpg,101192
DOG,dog.10607.jpg,98334
DOG,dog.10567.jpg,138714
DOG,dog.1556.jpg,129118
DOG,dog.11848.jpg,91306
DOG,dog.12018.jpg,83680
DOG,dog.11818.jpg,104470
DOG,dog.1477.jpg,97319
DOG,dog.11149.jpg,109623
DOG,dog.11184.jpg,69837
DOG,dog.11706.jpg,121014
DOG,dog.1183.jpg,111407
DOG,dog.1354.jpg,89460
DOG,dog.10139.jpg,120945
DOG,dog.10485.jpg,97861
DOG,dog.12459.jpg,143329
DOG,dog.11788.jpg,108004
DOG,dog.12048.jpg,90530
DOG,dog.10066.jpg,105047
DOG,dog.12487.jpg,110800
DOG,dog.11745.jpg,105075
DOG,dog.11708.jpg,95837
DOG,dog.10468.jpg,89161
DOG,dog.10430.jpg,78985
DOG,dog.1241.jpg,112661
DOG,dog.10088.jpg,112220
DOG,dog.10220.jpg,89177
DOG,dog.10630.jpg,108835
DOG,dog.10563.jpg,115618
DOG,dog.108.jpg,113656
DOG,dog.12154.jpg,71761
DOG,dog.1424.jpg,120699
DOG,dog.12257.jpg,77066
DOG,dog.12219.jpg,116083
DOG,dog.1055.jpg,129978
DOG,dog.11322.jpg,131022
DOG,dog.11248.jpg,149891
DOG,dog.10717.jpg,105505
DOG,dog.12274.jpg,141328
DOG,dog.12156.jpg,91403
DOG,dog.11463.jpg,124624
DOG,dog.1195.jpg,77431
DOG,dog.10463.jpg,89103
DOG,dog.10418.jpg,107180
DOG,dog.1397.jpg,105491
DOG,dog.117.jpg,88922
DOG,dog.11315.jpg,124766
DOG,dog.10458.jpg,142048
DOG,dog.11056.jpg,94158
DOG,dog.10570.jpg,127718
DOG,dog.1089.jpg,96325
DOG,dog.10025.jpg,110211
DOG,dog.11224.jpg,106224
DOG,dog.11827.jpg,72124
DOG,dog.11102.jpg,150344
DOG,dog.1479.jpg,119408
DOG,dog.10174.jpg,92863
DOG,dog.11798.jpg,94585
DOG,dog.11878.jpg,126486
DOG,dog.11760.jpg,106680
DOG,dog.10020.jpg,87144
DOG,dog.11718.jpg,117337
DOG,dog.102.jpg,90971
DOG,dog.10668.jpg,115960
DOG,dog.12106.jpg,116818
DOG,dog.11421.jpg,121063
DOG,dog.10476.jpg,67744
DOG,dog.10770.jpg,114618
DOG,dog.1129.jpg,72354
DOG,dog.11655.jpg,141401
DOG,dog.10087.jpg,71405
DOG,dog.1443.jpg,131839
DOG,dog.12237.jpg,120068
DOG,dog.10789.jpg,118281
DOG,dog.1300.jpg,107669
DOG,dog.12415.jpg,104722
DOG,dog.1352.jpg,93219
DOG,dog.10606.jpg,109820
DOG,dog.10954.jpg,115177
DOG,dog.11385.jpg,146774
DOG,dog.10677.jpg,100470
DOG,dog.1226.jpg,118295
DOG,dog.10544.jpg,117812
DOG,dog.11490.jpg,119399
DOG,dog.1005.jpg,97621
DOG,dog.105.jpg,149224
DOG,dog.1169.jpg,124867
DOG,dog.10507.jpg,94367
DOG,dog.10814.jpg,118786
DOG,dog.11351.jpg,115068
DOG,dog.11999.jpg,72956
DOG,dog.10986.jpg,110223
DOG,dog.12124.jpg,48834
DOG,dog.11195.jpg,140571
DOG,dog.1290.jpg,103764
DOG,dog.11040.jpg,122263
DOG,dog.10989.jpg,90081
DOG,dog.1044.jpg,44701
DOG,dog.10834.jpg,129113
DOG,dog.1528.jpg,111830
DOG,dog.10370.jpg,111247
DOG,dog.12280.jpg,104100
DOG,dog.11294.jpg,109257
DOG,dog.12157.jpg,138527
DOG,dog.10113.jpg,100550
DOG,dog.10459.jpg,179289
DOG,dog.10548.jpg,91210
DOG,dog.11888.jpg,138496
DOG,dog.11198.jpg,129332
DOG,dog.1310.jpg,104174
DOG,dog.12112.jpg,74982
DOG,dog.1390.jpg,92924
DOG,dog.11558.jpg,120026
DOG,dog.1220.jpg,105539
DOG,dog.165.jpg,64577
DOG,dog.10673.jpg,120369
DOG,dog.10711.jpg,117291
DOG,dog.10605.jpg,117771
DOG,dog.10818.jpg,82372
DOG,dog.11335.jpg,81159
DOG,dog.12006.jpg,69380
DOG,dog.10091.jpg,91234
DOG,dog.1091.jpg,116851
DOG,dog.1173.jpg,130093
DOG,dog.11767.jpg,117631
DOG,dog.11503.jpg,84690
DOG,dog.1233.jpg,111825
DOG,dog.12004.jpg,94178
DOG,dog.12446.jpg,113954
DOG,dog.12306.jpg,85803
DOG,dog.12387.jpg,91704
DOG,dog.10609.jpg,106323
DOG,dog.11290.jpg,130018
DOG,dog.1619.jpg,141860
DOG,dog.1257.jpg,107985
DOG,dog.11802.jpg,111317
DOG,dog.11544.jpg,63109
DOG,dog.11701.jpg,94710
DOG,dog.1418.jpg,92993
DOG,dog.1448.jpg,89101
DOG,dog.10172.jpg,91507
DOG,dog.10806.jpg,134805
DOG,dog.12127.jpg,121198
DOG,dog.11589.jpg,122022
DOG,dog.10739.jpg,108202
DOG,dog.10460.jpg,74420
DOG,dog.1155.jpg,108578
DOG,dog.12315.jpg,105746
DOG,dog.12231.jpg,120755
DOG,dog.155.jpg,100091
DOG,dog.10957.jpg,107236
DOG,dog.10247.jpg,134102
DOG,dog.11031.jpg,92844
DOG,dog.11453.jpg,73551
DOG,dog.12172.jpg,127915
DOG,dog.12114.jpg,130179
DOG,dog.11162.jpg,122278
DOG,dog.10827.jpg,81141
DOG,dog.12060.jpg,92976
DOG,dog.12330.jpg,121159
DOG,dog.10955.jpg,98448
DOG,dog.10557.jpg,110388
DOG,dog.1481.jpg,168767
DOG,dog.10577.jpg,113145
DOG,dog.1612.jpg,90958
DOG,dog.12292.jpg,156915
DOG,dog.11396.jpg,89167
DOG,dog.11454.jpg,136952
DOG,dog.1279.jpg,110578
DOG,dog.10767.jpg,99983
DOG,dog.1084.jpg,81755
DOG,dog.12428.jpg,81604
DOG,dog.12053.jpg,79921
DOG,dog.12197.jpg,87848
DOG,dog.10832.jpg,115474
DOG,dog.1039.jpg,102443
DOG,dog.10412.jpg,85720
DOG,dog.11068.jpg,111126
DOG,dog.1340.jpg,157554
DOG,dog.10205.jpg,103320
DOG,dog.10045.jpg,113406
DOG,dog.11620.jpg,131520
DOG,dog.12318.jpg,92228
DOG,dog.10057.jpg,43770
DOG,dog.12193.jpg,88121
DOG,dog.11953.jpg,95945
DOG,dog.11781.jpg,97689
DOG,dog.150.jpg,118284
DOG,dog.11428.jpg,113340
DOG,dog.1289.jpg,140821
DOG,dog.11704.jpg,122777
DOG,dog.1499.jpg,80540
DOG,dog.11654.jpg,141095
DOG,dog.12130.jpg,147722
DOG,dog.12254.jpg,120408
DOG,dog.1102.jpg,133373
DOG,dog.10118.jpg,159497
DOG,dog.1360.jpg,69453
DOG,dog.1408.jpg,80929
DOG,dog.11617.jpg,115911
DOG,dog.11016.jpg,109928
DOG,dog.12205.jpg,81570
DOG,dog.10733.jpg,68635
DOG,dog.11403.jpg,155485
DOG,dog.10258.jpg,167371
DOG,dog.10649.jpg,86353
DOG,dog.11998.jpg,85149
DOG,dog.11731.jpg,101431
DOG,dog.10421.jpg,121909
DOG,dog.12350.jpg,60497
DOG,dog.11650.jpg,153814
DOG,dog.10948.jpg,104642
DOG,dog.11597.jpg,117780
DOG,dog.11623.jpg,112756
DOG,dog.1538.jpg,100253
DOG,dog.1283.jpg,113646
DOG,dog.10652.jpg,118022
DOG,dog.10488.jpg,130873
DOG,dog.1617.jpg,101885
DOG,dog.11732.jpg,95414
DOG,dog.11321.jpg,88182
DOG,dog.11844.jpg,96563
DOG,dog.11259.jpg,101072
DOG,dog.11229.jpg,141143
DOG,dog.12278.jpg,93801
DOG,dog.10875.jpg,127227
DOG,dog.12128.jpg,90811
DOG,dog.11407.jpg,96890
DOG,dog.10601.jpg,62149
DOG,dog.12162.jpg,92364
DOG,dog.11438.jpg,85027
DOG,dog.12445.jpg,120888
DOG,dog.10046.jpg,100110
DOG,dog.10053.jpg,111809
DOG,dog.11568.jpg,111450
DOG,dog.10613.jpg,109449
DOG,dog.10547.jpg,97480
DOG,dog.10535.jpg,114870
DOG,dog.110.jpg,116702
DOG,dog.10278.jpg,54782
DOG,dog.10896.jpg,72745
DOG,dog.12036.jpg,98084
DOG,dog.1047.jpg,80389
DOG,dog.11867.jpg,116602
DOG,dog.153.jpg,82424
DOG,dog.10669.jpg,78170
DOG,dog.11506.jpg,107114
DOG,dog.10531.jpg,103391
DOG,dog.10363.jpg,102976
DOG,dog.12355.jpg,47469
DOG,dog.1157.jpg,127525
DOG,dog.1621.jpg,110854
DOG,dog.10233.jpg,67918
DOG,dog.12334.jpg,97797
DOG,dog.10599.jpg,98243
DOG,dog.11373.jpg,124592
DOG,dog.11180.jpg,111673
DOG,dog.11657.jpg,89242
DOG,dog.10497.jpg,123391
DOG,dog.11866.jpg,106050
DOG,dog.12377.jpg,84957
DOG,dog.11499.jpg,97103
DOG,dog.1189.jpg,110843
DOG,dog.11020.jpg,103431
DOG,dog.10644.jpg,99717
DOG,dog.12314.jpg,99487
DOG,dog.10833.jpg,119945
DOG,dog.10163.jpg,103051
DOG,dog.11816.jpg,118714
DOG,dog.1223.jpg,117484
DOG,dog.11140.jpg,138435
DOG,dog.10635.jpg,92389
DOG,dog.10629.jpg,101649
DOG,dog.10346.jpg,114801
DOG,dog.11247.jpg,107124
DOG,dog.1576.jpg,62836
DOG,dog.11264.jpg,104048
DOG,dog.12255.jpg,82094
DOG,dog.11036.jpg,81701
DOG,dog.1181.jpg,116311
DOG,dog.1197.jpg,115325
DOG,dog.11846.jpg,55043
DOG,dog.1369.jpg,127696
DOG,dog.1298.jpg,87701
DOG,dog.139.jpg,88466
DOG,dog.10480.jpg,107657
DOG,dog.11533.jpg,60493
DOG,dog.12232.jpg,143315
DOG,dog.12183.jpg,130207
DOG,dog.11918.jpg,151797
DOG,dog.11812.jpg,136048
DOG,dog.1620.jpg,131622
DOG,dog.10495.jpg,85323
DOG,dog.160.jpg,145798
DOG,dog.10182.jpg,111398
DOG,dog.10127.jpg,108113
DOG,dog.1100.jpg,98519
DOG,dog.1324.jpg,87987
DOG,dog.10968.jpg,207554
DOG,dog.10772.jpg,114598
DOG,dog.10047.jpg,116731
DOG,dog.11304.jpg,96910
DOG,dog.11855.jpg,107611
DOG,dog.12163.jpg,77961
DOG,dog.1471.jpg,83167
DOG,dog.10993.jpg,96236
DOG,dog.1432.jpg,121793
DOG,dog.1104.jpg,96837
DOG,dog.11523.jpg,79172
DOG,dog.11958.jpg,114770
DOG,dog.10977.jpg,149499
DOG,dog.11059.jpg,106136
DOG,dog.10005.jpg,88063
DOG,dog.12191.jpg,105779
DOG,dog.11683.jpg,62179
DOG,dog.11964.jpg,104234
DOG,dog.12261.jpg,107079
DOG,dog.10487.jpg,82592
DOG,dog.10226.jpg,136705
DOG,dog.1494.jpg,116502
DOG,dog.11832.jpg,105589
DOG,dog.10386.jpg,115127
DOG,dog.11933.jpg,90516
DOG,dog.1420.jpg,90103
DOG,dog.11386.jpg,72999
DOG,dog.10761.jpg,121347
DOG,dog.10979.jpg,105260
DOG,dog.1083.jpg,120611
DOG,dog.11041.jpg,105970
DOG,dog.1549.jpg,174574
DOG,dog.11989.jpg,93919
DOG,dog.1032.jpg,111830
DOG,dog.12264.jpg,121374
DOG,dog.11651.jpg,93738
DOG,dog.10655.jpg,111933
DOG,dog.1020.jpg,77470
DOG,dog.11397.jpg,81604
DOG,dog.12146.jpg,123204
DOG,dog.10696.jpg,107983
DOG,dog.1225.jpg,88133
DOG,dog.11985.jpg,133922
DOG,dog.10306.jpg,86247
DOG,dog.1345.jpg,110186
DOG,dog.12182.jpg,127531
DOG,dog.1249.jpg,123883
DOG,dog.11417.jpg,160895
DOG,dog.11244.jpg,104623
DOG,dog.10115.jpg,119530
DOG,dog.11458.jpg,86510
DOG,dog.1444.jpg,101401
DOG,dog.10119.jpg,108706
DOG,dog.10098.jpg,109257
DOG,dog.11902.jpg,169331
DOG,dog.1185.jpg,87241
DOG,dog.1381.jpg,111490
DOG,dog.10319.jpg,97645
DOG,dog.10207.jpg,126860
DOG,dog.1572.jpg,99003
DOG,dog.12373.jpg,121813
DOG,dog.10327.jpg,59122
DOG,dog.1389.jpg,135644
DOG,dog.12040.jpg,112803
DOG,dog.12126.jpg,101349
DOG,dog.11151.jpg,117017
DOG,dog.11990.jpg,121600
DOG,dog.10704.jpg,97026
DOG,dog.10659.jpg,76860
DOG,dog.12225.jpg,126499
DOG,dog.10493.jpg,80571
DOG,dog.1644.jpg,107225
DOG,dog.10467.jpg,105600
DOG,dog.10618.jpg,104962
DOG,dog.10727.jpg,99433
DOG,dog.1392.jpg,120020
DOG,dog.12405.jpg,126122
DOG,dog.1585.jpg,79240
DOG,dog.1204.jpg,92924
DOG,dog.11807.jpg,94148
DOG,dog.11034.jpg,105953
DOG,dog.1251.jpg,87368
DOG,dog.1131.jpg,64262
DOG,dog.12324.jpg,122414
DOG,dog.11473.jpg,100658
DOG,dog.12011.jpg,85006
DOG,dog.11379.jpg,69573
DOG,dog.10147.jpg,52126
DOG,dog.1276.jpg,108868
DOG,dog.12439.jpg,125086
DOG,dog.11231.jpg,109394
DOG,dog.10117.jpg,94151
DOG,dog.11004.jpg,130087
DOG,dog.11186.jpg,191251
DOG,dog.10551.jpg,46531
DOG,dog.1351.jpg,120011
DOG,dog.1521.jpg,94713
DOG,dog.10253.jpg,95045
DOG,dog.11822.jpg,73514
DOG,dog.11236.jpg,87317
DOG,dog.12033.jpg,81963
DOG,dog.10071.jpg,97211
DOG,dog.1286.jpg,122085
DOG,dog.1258.jpg,90155
DOG,dog.10702.jpg,107064
DOG,dog.10745.jpg,74519
DOG,dog.11901.jpg,76193
DOG,dog.11426.jpg,71979
DOG,dog.11524.jpg,74768
DOG,dog.11106.jpg,95225
DOG,dog.12359.jpg,99304
DOG,dog.10995.jpg,122678
DOG,dog.10705.jpg,96250
DOG,dog.11783.jpg,107752
DOG,dog.12081.jpg,115399
DOG,dog.12475.jpg,98525
DOG,dog.12222.jpg,121281
DOG,dog.10101.jpg,110251
DOG,dog.10272.jpg,157905
DOG,dog.12164.jpg,132054
DOG,dog.11167.jpg,89642
DOG,dog.11170.jpg,167659
DOG,dog.1323.jpg,96666
DOG,dog.1106.jpg,86903
DOG,dog.10900.jpg,122169
DOG,dog.12492.jpg,91731
DOG,dog.10973.jpg,126455
DOG,dog.1498.jpg,146048
DOG,dog.10116.jpg,88928
DOG,dog.11702.jpg,137066
DOG,dog.12116.jpg,60433
DOG,dog.1098.jpg,85354
DOG,dog.11255.jpg,111089
DOG,dog.11536.jpg,89000
DOG,dog.10695.jpg,111985
DOG,dog.1050.jpg,98035
DOG,dog.1412.jpg,109491
DOG,dog.1525.jpg,97031
DOG,dog.11342.jpg,78651
DOG,dog.1078.jpg,94577
DOG,dog.12291.jpg,138651
DOG,dog.12381.jpg,101498
DOG,dog.10394.jpg,110766
DOG,dog.11721.jpg,138694
DOG,dog.11723.jpg,107638
DOG,dog.11096.jpg,86339
DOG,dog.11446.jpg,75245
DOG,dog.11952.jpg,123143
DOG,dog.10403.jpg,136039
DOG,dog.11212.jpg,133756
DOG,dog.11103.jpg,104170
DOG,dog.1124.jpg,97174
DOG,dog.1470.jpg,95936
DOG,dog.1497.jpg,113440
DOG,dog.10407.jpg,85996
DOG,dog.1035.jpg,131996
DOG,dog.10465.jpg,108745
DOG,dog.10069.jpg,149490
DOG,dog.11750.jpg,147087
DOG,dog.10308.jpg,117111
DOG,dog.11872.jpg,75696
DOG,dog.10791.jpg,96682
DOG,dog.1362.jpg,92467
DOG,dog.12079.jpg,120346
DOG,dog.133.jpg,110105
DOG,dog.156.jpg,87395
DOG,dog.11809.jpg,112291
DOG,dog.11836.jpg,69991
DOG,dog.1561.jpg,122331
DOG,dog.12056.jpg,63844
DOG,dog.1603.jpg,116388
DOG,dog.1320.jpg,108210
DOG,dog.10941.jpg,89373
DOG,dog.10251.jpg,121063
DOG,dog.10589.jpg,102246
DOG,dog.11970.jpg,96569
DOG,dog.11254.jpg,60707
DOG,dog.11115.jpg,68485
DOG,dog.1319.jpg,127568
DOG,dog.10860.jpg,66209
DOG,dog.10550.jpg,87635
DOG,dog.128.jpg,112182
DOG,dog.12223.jpg,144180
DOG,dog.12010.jpg,107519
DOG,dog.1429.jpg,101277
DOG,dog.12108.jpg,109498
DOG,dog.10777.jpg,71167
DOG,dog.11048.jpg,127675
DOG,dog.1184.jpg,80604
DOG,dog.1088.jpg,103476
DOG,dog.12215.jpg,100799
DOG,dog.11021.jpg,147276
DOG,dog.11487.jpg,91498
DOG,dog.10549.jpg,112761
DOG,dog.12092.jpg,121386
DOG,dog.12337.jpg,82029
DOG,dog.11424.jpg,106449
DOG,dog.12417.jpg,134458
DOG,dog.11049.jpg,110984
DOG,dog.1410.jpg,90223
DOG,dog.11257.jpg,101442
DOG,dog.140.jpg,144816
DOG,dog.1441.jpg,101370
DOG,dog.1493.jpg,112883
DOG,dog.11557.jpg,106900
DOG,dog.10186.jpg,96095
DOG,dog.11240.jpg,117978
DOG,dog.10633.jpg,71482
DOG,dog.10880.jpg,115428
DOG,dog.10075.jpg,96851
DOG,dog.11579.jpg,113789
DOG,dog.10662.jpg,103973
DOG,dog.10755.jpg,104644
DOG,dog.11361.jpg,83425
DOG,dog.11060.jpg,106712
DOG,dog.1601.jpg,136579
DOG,dog.12134.jpg,114500
DOG,dog.12245.jpg,129547
DOG,dog.10371.jpg,96032
DOG,dog.1510.jpg,119282
DOG,dog.11164.jpg,93734
DOG,dog.1537.jpg,132944
DOG,dog.12457.jpg,76143
DOG,dog.10367.jpg,140082
DOG,dog.1519.jpg,60683
DOG,dog.1364.jpg,112992
DOG,dog.1130.jpg,116747
DOG,dog.10901.jpg,112791
DOG,dog.11824.jpg,105201
DOG,dog.12034.jpg,108151
DOG,dog.11917.jpg,111267
DOG,dog.10967.jpg,71128
DOG,dog.11582.jpg,125230
DOG,dog.1266.jpg,92704
DOG,dog.1280.jpg,81079
DOG,dog.10342.jpg,87400
DOG,dog.10947.jpg,125701
DOG,dog.11161.jpg,118226
DOG,dog.11337.jpg,115726
DOG,dog.10952.jpg,79141
DOG,dog.10990.jpg,161036
DOG,dog.12348.jpg,99264
DOG,dog.11612.jpg,100274
DOG,dog.10264.jpg,110766
DOG,dog.10795.jpg,91153
DOG,dog.12097.jpg,73854
DOG,dog.11043.jpg,76153
DOG,dog.1634.jpg,119928
DOG,dog.10284.jpg,129007
DOG,dog.10848.jpg,115504
DOG,dog.10612.jpg,107502
DOG,dog.12190.jpg,40297
DOG,dog.12259.jpg,84016
DOG,dog.11372.jpg,106506
DOG,dog.1118.jpg,103458
DOG,dog.11801.jpg,119741
DOG,dog.10865.jpg,107869
DOG,dog.11871.jpg,104397
DOG,dog.1015.jpg,79447
DOG,dog.11768.jpg,68184
DOG,dog.10243.jpg,106291
DOG,dog.10304.jpg,118046
DOG,dog.10395.jpg,83166
DOG,dog.11273.jpg,109771
DOG,dog.11266.jpg,92165
DOG,dog.12213.jpg,119988
DOG,dog.1305.jpg,113583
DOG,dog.10735.jpg,105476
DOG,dog.10338.jpg,125445
DOG,dog.1373.jpg,95017
DOG,dog.11450.jpg,105631
DOG,dog.1582.jpg,140466
DOG,dog.12003.jpg,167970
DOG,dog.10274.jpg,101689
DOG,dog.10938.jpg,106268
DOG,dog.12429.jpg,117248
DOG,dog.11775.jpg,103731
DOG,dog.12020.jpg,131304
DOG,dog.1557.jpg,80031
DOG,dog.11075.jpg,95438
DOG,dog.1304.jpg,151125
DOG,dog.10975.jpg,132193
DOG,dog.10178.jpg,99362
DOG,dog.10270.jpg,95278
DOG,dog.1367.jpg,107583
DOG,dog.10023.jpg,88757
DOG,dog.10908.jpg,201282
DOG,dog.11534.jpg,112876
DOG,dog.11751.jpg,132213
DOG,dog.1332.jpg,93713
DOG,dog.12496.jpg,109358
DOG,dog.1080.jpg,96504
DOG,dog.10311.jpg,88939
DOG,dog.11203.jpg,86995
DOG,dog.1167.jpg,92451
DOG,dog.12397.jpg,92473
DOG,dog.11659.jpg,106690
DOG,dog.11862.jpg,59484
DOG,dog.11242.jpg,115209
DOG,dog.10019.jpg,103420
DOG,dog.10961.jpg,124724
DOG,dog.1019.jpg,87432
DOG,dog.10510.jpg,166744
DOG,dog.12052.jpg,107363
DOG,dog.11204.jpg,88729
DOG,dog.10781.jpg,83086
DOG,dog.12229.jpg,106223
DOG,dog.10891.jpg,80979
DOG,dog.10471.jpg,109738
DOG,dog.12413.jpg,85835
DOG,dog.11932.jpg,109039
DOG,dog.12178.jpg,90563
DOG,dog.1210.jpg,92882
DOG,dog.12022.jpg,97311
DOG,dog.1027.jpg,62019
DOG,dog.10744.jpg,122455
DOG,dog.1516.jpg,96896
DOG,dog.10504.jpg,89578
DOG,dog.11280.jpg,107181
DOG,dog.12005.jpg,142310
DOG,dog.12339.jpg,108775
DOG,dog.11691.jpg,105772
DOG,dog.10234.jpg,127697
DOG,dog.11179.jpg,89167
DOG,dog.11842.jpg,88842
DOG,dog.11961.jpg,98471
DOG,dog.11456.jpg,100278
DOG,dog.1291.jpg,122935
DOG,dog.1591.jpg,123374
DOG,dog.1182.jpg,89400
DOG,dog.1395.jpg,104758
DOG,dog.10231.jpg,103564
DOG,dog.11971.jpg,108401
DOG,dog.10031.jpg,112350
DOG,dog.10665.jpg,101120
DOG,dog.10428.jpg,62437
DOG,dog.10641.jpg,148991
DOG,dog.1640.jpg,112235
DOG,dog.11615.jpg,122101
DOG,dog.12118.jpg,115559
DOG,dog.11121.jpg,128444
DOG,dog.1563.jpg,93661
DOG,dog.11206.jpg,100498
DOG,dog.11531.jpg,114386
DOG,dog.1234.jpg,108292
DOG,dog.1488.jpg,132153
DOG,dog.11504.jpg,111174
DOG,dog.1113.jpg,130050
DOG,dog.1297.jpg,98145
DOG,dog.10765.jpg,86730
DOG,dog.12228.jpg,91198
DOG,dog.11892.jpg,81229
DOG,dog.12447.jpg,101260
DOG,dog.10728.jpg,88259
DOG,dog.11501.jpg,105817
DOG,dog.10291.jpg,112251
DOG,dog.10378.jpg,101241
DOG,dog.12074.jpg,110740
DOG,dog.11547.jpg,98643
DOG,dog.11502.jpg,95857
DOG,dog.11699.jpg,155875
DOG,dog.12133.jpg,132429
DOG,dog.1237.jpg,68457
DOG,dog.10616.jpg,153009
DOG,dog.11455.jpg,107511
DOG,dog.1143.jpg,92405
DOG,dog.10183.jpg,75080
DOG,dog.10874.jpg,106852
DOG,dog.11583.jpg,86891
DOG,dog.10282.jpg,96933
DOG,dog.11418.jpg,106542
DOG,dog.12375.jpg,77810
DOG,dog.11152.jpg,110861
DOG,dog.11897.jpg,76856
DOG,dog.10820.jpg,47765
DOG,dog.10768.jpg,121903
DOG,dog.10778.jpg,102715
DOG,dog.10362.jpg,121442
DOG,dog.11132.jpg,56021
DOG,dog.1507.jpg,88108
DOG,dog.1208.jpg,147003
DOG,dog.1536.jpg,104932
DOG,dog.1146.jpg,117700
DOG,dog.10517.jpg,110795
DOG,dog.12125.jpg,119242
DOG,dog.10671.jpg,99802
DOG,dog.12342.jpg,105962
DOG,dog.10582.jpg,60273
DOG,dog.11387.jpg,138335
DOG,dog.10212.jpg,119179
DOG,dog.12474.jpg,107107
DOG,dog.12251.jpg,86724
DOG,dog.1555.jpg,95437
DOG,dog.10595.jpg,112057
DOG,dog.10680.jpg,52987
DOG,dog.1163.jpg,82556
DOG,dog.12248.jpg,128751
DOG,dog.12290.jpg,91447
DOG,dog.10738.jpg,91117
DOG,dog.12277.jpg,132682
DOG,dog.11495.jpg,94486
DOG,dog.10181.jpg,133006
DOG,dog.12311.jpg,91330
DOG,dog.151.jpg,109588
DOG,dog.1295.jpg,90043
DOG,dog.1253.jpg,87481
DOG,dog.10092.jpg,131225
DOG,dog.10786.jpg,112956
DOG,dog.1598.jpg,139150
DOG,dog.11519.jpg,135401
DOG,dog.10268.jpg,86940
DOG,dog.10905.jpg,121087
DOG,dog.12329.jpg,129891
DOG,dog.10089.jpg,139564
DOG,dog.1421.jpg,77003
DOG,dog.11896.jpg,158859
DOG,dog.10058.jpg,83986
DOG,dog.144.jpg,102929
DOG,dog.10519.jpg,76966
DOG,dog.10105.jpg,93119
DOG,dog.114.jpg,115338
DOG,dog.122.jpg,87023
DOG,dog.11968.jpg,75939
DOG,dog.10235.jpg,118230
DOG,dog.10017.jpg,119305
DOG,dog.11334.jpg,95462
DOG,dog.10296.jpg,90915
DOG,dog.12435.jpg,132755
DOG,dog.12382.jpg,126570
DOG,dog.1544.jpg,107456
DOG,dog.10441.jpg,142825
DOG,dog.10330.jpg,75141
DOG,dog.1329.jpg,88298
DOG,dog.1446.jpg,92294
DOG,dog.1142.jpg,86692
DOG,dog.10303.jpg,105406
DOG,dog.1105.jpg,117586
DOG,dog.10333.jpg,116442
DOG,dog.11885.jpg,137943
DOG,dog.10373.jpg,113017
DOG,dog.1095.jpg,106245
DOG,dog.11210.jpg,90141
DOG,dog.10442.jpg,95073
DOG,dog.10123.jpg,87870
DOG,dog.11724.jpg,120920
DOG,dog.11191.jpg,112394
DOG,dog.10478.jpg,90820
DOG,dog.12410.jpg,143517
DOG,dog.12159.jpg,143266
DOG,dog.12335.jpg,142190
DOG,dog.1368.jpg,74713
DOG,dog.1212.jpg,98910
DOG,dog.11729.jpg,104399
DOG,dog.10873.jpg,81328
DOG,dog.12144.jpg,70370
DOG,dog.10160.jpg,72250
DOG,dog.11508.jpg,110204
DOG,dog.1240.jpg,78093
DOG,dog.11500.jpg,86101
DOG,dog.12227.jpg,91188
DOG,dog.11873.jpg,147759
DOG,dog.11893.jpg,93061
DOG,dog.11759.jpg,89633
DOG,dog.11857.jpg,131094
DOG,dog.11.jpg,100203
DOG,dog.1652.jpg,142715
DOG,dog.11461.jpg,69202
DOG,dog.11302.jpg,137803
DOG,dog.1165.jpg,98516
DOG,dog.10588.jpg,91163
DOG,dog.11919.jpg,140659
DOG,dog.12216.jpg,173295
DOG,dog.11436.jpg,121007
DOG,dog.1374.jpg,95207
DOG,dog.12401.jpg,106433
DOG,dog.11972.jpg,85953
DOG,dog.11051.jpg,141560
DOG,dog.12198.jpg,82616
DOG,dog.10862.jpg,121769
DOG,dog.10360.jpg,131216
DOG,dog.10660.jpg,120910
DOG,dog.12333.jpg,189419
DOG,dog.11312.jpg,120791
DOG,dog.12470.jpg,134942
DOG,dog.11299.jpg,174320
DOG,dog.10822.jpg,89235
DOG,dog.11741.jpg,110834
DOG,dog.10838.jpg,73874
DOG,dog.11688.jpg,132102
DOG,dog.11963.jpg,146928
DOG,dog.11790.jpg,88315
DOG,dog.11252.jpg,97629
DOG,dog.12119.jpg,137926
DOG,dog.10622.jpg,126172
DOG,dog.10657.jpg,109911
DOG,dog.10177.jpg,91725
DOG,dog.1057.jpg,106521
DOG,dog.10574.jpg,101077
DOG,dog.10978.jpg,112908
DOG,dog.12175.jpg,89422
DOG,dog.10393.jpg,110865
DOG,dog.12224.jpg,74039
DOG,dog.11308.jpg,111896
DOG,dog.10095.jpg,94879
DOG,dog.1108.jpg,110024
DOG,dog.12307.jpg,121294
DOG,dog.1484.jpg,116100
DOG,dog.1604.jpg,114588
DOG,dog.1532.jpg,135084
DOG,dog.11420.jpg,98398
DOG,dog.11913.jpg,157892
DOG,dog.1033.jpg,83702
DOG,dog.154.jpg,49890
DOG,dog.11656.jpg,174666
DOG,dog.1013.jpg,110599
DOG,dog.11084.jpg,72795
DOG,dog.10402.jpg,137028
DOG,dog.10102.jpg,119576
DOG,dog.1459.jpg,117932
DOG,dog.11743.jpg,82896
DOG,dog.11690.jpg,146968
DOG,dog.10646.jpg,138719
DOG,dog.1451.jpg,79052
DOG,dog.1365.jpg,101583
DOG,dog.10451.jpg,74861
DOG,dog.10788.jpg,87631
DOG,dog.11649.jpg,92515
DOG,dog.10054.jpg,100058
DOG,dog.12368.jpg,89509
DOG,dog.10259.jpg,57690
DOG,dog.12431.jpg,68169
DOG,dog.10200.jpg,76341
DOG,dog.11710.jpg,134318
DOG,dog.1136.jpg,115241
DOG,dog.1639.jpg,140916
DOG,dog.11488.jpg,86707
DOG,dog.11843.jpg,100695
DOG,dog.11834.jpg,77078
DOG,dog.10366.jpg,111135
DOG,dog.12363.jpg,93407
DOG,dog.1067.jpg,103917
DOG,dog.10638.jpg,60731
DOG,dog.11183.jpg,98348
DOG,dog.10323.jpg,108744
DOG,dog.11593.jpg,112064
DOG,dog.1625.jpg,86247
DOG,dog.1126.jpg,70761
DOG,dog.10208.jpg,97067
DOG,dog.10742.jpg,94449
DOG,dog.1487.jpg,87679
DOG,dog.11719.jpg,101377
DOG,dog.11666.jpg,118498
DOG,dog.11643.jpg,89662
DOG,dog.10817.jpg,96494
DOG,dog.10937.jpg,130011
DOG,dog.10060.jpg,126600
DOG,dog.11111.jpg,50713
DOG,dog.11960.jpg,113504
DOG,dog.11118.jpg,82216
DOG,dog.12281.jpg,114559
DOG,dog.10410.jpg,156961
DOG,dog.11434.jpg,87961
DOG,dog.12302.jpg,119915
DOG,dog.10457.jpg,98767
DOG,dog.12002.jpg,97312
DOG,dog.1236.jpg,76651
DOG,dog.10320.jpg,108104
DOG,dog.10135.jpg,126490
DOG,dog.11875.jpg,107604
DOG,dog.10456.jpg,138276
DOG,dog.10924.jpg,109235
DOG,dog.12160.jpg,99820
DOG,dog.11571.jpg,107225
DOG,dog.1211.jpg,139325
DOG,dog.11746.jpg,119652
DOG,dog.10737.jpg,113200
DOG,dog.12066.jpg,110836
DOG,dog.10332.jpg,106539
DOG,dog.10191.jpg,73336
DOG,dog.11429.jpg,118020
DOG,dog.10260.jpg,120451
DOG,dog.1540.jpg,44055
DOG,dog.11894.jpg,122175
DOG,dog.10206.jpg,121134
DOG,dog.11485.jpg,94430
DOG,dog.1246.jpg,104617
DOG,dog.10722.jpg,101286
DOG,dog.11073.jpg,66776
DOG,dog.11613.jpg,115882
DOG,dog.10906.jpg,83324
DOG,dog.10965.jpg,115479
DOG,dog.11279.jpg,80867
DOG,dog.12059.jpg,59298
DOG,dog.10754.jpg,144055
DOG,dog.11772.jpg,118934
DOG,dog.10785.jpg,72575
DOG,dog.11472.jpg,106440
DOG,dog.12426.jpg,119728
DOG,dog.12276.jpg,124438
DOG,dog.11813.jpg,73612
DOG,dog.11282.jpg,122112
DOG,dog.12416.jpg,87434
DOG,dog.1160.jpg,124982
DOG,dog.10004.jpg,114288
DOG,dog.12012.jpg,96416
DOG,dog.11821.jpg,130721
DOG,dog.10443.jpg,108042
DOG,dog.10800.jpg,89313
DOG,dog.10084.jpg,106580
DOG,dog.1534.jpg,95863
DOG,dog.11910.jpg,118713
DOG,dog.1502.jpg,85073
DOG,dog.1573.jpg,90889
DOG,dog.1103.jpg,71771
DOG,dog.10883.jpg,156458
DOG,dog.11330.jpg,104829
DOG,dog.10698.jpg,120747
DOG,dog.12084.jpg,120174
DOG,dog.12100.jpg,124069
DOG,dog.1504.jpg,106269
DOG,dog.1260.jpg,121352
DOG,dog.1500.jpg,87489
DOG,dog.11794.jpg,123564
DOG,dog.11185.jpg,149320
DOG,dog.10341.jpg,115686
DOG,dog.10621.jpg,112157
DOG,dog.1026.jpg,141549
DOG,dog.10925.jpg,68607
DOG,dog.11113.jpg,99225
DOG,dog.10042.jpg,106925
DOG,dog.12262.jpg,103809
DOG,dog.12186.jpg,117627
DOG,dog.10006.jpg,71180
DOG,dog.1267.jpg,115065
DOG,dog.11002.jpg,93834
DOG,dog.11601.jpg,105672
DOG,dog.11738.jpg,86842
DOG,dog.12064.jpg,88075
DOG,dog.10842.jpg,115489
DOG,dog.12425.jpg,111355
DOG,dog.10539.jpg,120044
DOG,dog.12356.jpg,103503
DOG,dog.10297.jpg,84409
DOG,dog.11676.jpg,81635
DOG,dog.11559.jpg,97249
DOG,dog.12015.jpg,89945
DOG,dog.1123.jpg,128865
DOG,dog.10981.jpg,135638
DOG,dog.10603.jpg,119414
DOG,dog.1041.jpg,92206
DOG,dog.10111.jpg,109838
DOG,dog.11393.jpg,103986
DOG,dog.12293.jpg,119883
DOG,dog.11402.jpg,125803
DOG,dog.10148.jpg,172470
DOG,dog.10388.jpg,75524
DOG,dog.11369.jpg,97832
DOG,dog.1099.jpg,93001
DOG,dog.1259.jpg,176696
DOG,dog.11192.jpg,127247
DOG,dog.1589.jpg,83183
DOG,dog.10509.jpg,115775
DOG,dog.1119.jpg,119136
DOG,dog.10431.jpg,94815
DOG,dog.1458.jpg,102273
DOG,dog.1069.jpg,90691
DOG,dog.10556.jpg,88616
DOG,dog.10352.jpg,120488
DOG,dog.1322.jpg,122361
DOG,dog.11413.jpg,76529
DOG,dog.10634.jpg,107758
DOG,dog.12049.jpg,76023
DOG,dog.1038.jpg,86007
DOG,dog.10131.jpg,98412
DOG,dog.10684.jpg,129398
DOG,dog.1127.jpg,99289
DOG,dog.11032.jpg,118571
DOG,dog.10897.jpg,119120
DOG,dog.10030.jpg,113939
DOG,dog.10927.jpg,130277
DOG,dog.10414.jpg,100198
DOG,dog.11408.jpg,107510
DOG,dog.11967.jpg,110086
DOG,dog.10830.jpg,150947
DOG,dog.10792.jpg,76871
DOG,dog.1386.jpg,139351
DOG,dog.138.jpg,134676
DOG,dog.12441.jpg,93074
DOG,dog.10536.jpg,135882
DOG,dog.10675.jpg,120157
DOG,dog.10803.jpg,87863
DOG,dog.11635.jpg,87034
DOG,dog.11682.jpg,84234
DOG,dog.10499.jpg,34636
DOG,dog.10179.jpg,62296
DOG,dog.1411.jpg,121960
DOG,dog.10315.jpg,148422
DOG,dog.1308.jpg,189482
DOG,dog.1325.jpg,111179
DOG,dog.12187.jpg,57094
DOG,dog.10440.jpg,131772
DOG,dog.11561.jpg,149314
DOG,dog.1461.jpg,121425
DOG,dog.11587.jpg,103051
DOG,dog.11974.jpg,96398
DOG,dog.10911.jpg,110675
DOG,dog.10314.jpg,118673
DOG,dog.11274.jpg,103991
DOG,dog.12016.jpg,124711
DOG,dog.10199.jpg,101265
DOG,dog.12288.jpg,127251
DOG,dog.12142.jpg,129731
DOG,dog.10435.jpg,56321
DOG,dog.11262.jpg,109199
DOG,dog.11305.jpg,133255
DOG,dog.10269.jpg,135589
DOG,dog.12384.jpg,80500
DOG,dog.10065.jpg,88457
DOG,dog.10931.jpg,67161
DOG,dog.11168.jpg,132231
DOG,dog.12326.jpg,168927
DOG,dog.1086.jpg,74802
DOG,dog.10558.jpg,88029
DOG,dog.11087.jpg,82770
DOG,dog.10515.jpg,79744
DOG,dog.12316.jpg,119207
DOG,dog.11243.jpg,111668
DOG,dog.1107.jpg,67081
DOG,dog.10312.jpg,75469
DOG,dog.11352.jpg,130654
DOG,dog.1651.jpg,120380
DOG,dog.12313.jpg,137832
DOG,dog.12089.jpg,106924
DOG,dog.12455.jpg,165113
DOG,dog.116.jpg,86658
DOG,dog.1377.jpg,135235
DOG,dog.1256.jpg,102644
DOG,dog.10267.jpg,110760
DOG,dog.12407.jpg,82741
DOG,dog.10868.jpg,122626
DOG,dog.11569.jpg,66383
DOG,dog.10392.jpg,99841
DOG,dog.1401.jpg,75218
DOG,dog.11260.jpg,168980
DOG,dog.1379.jpg,155644
DOG,dog.1382.jpg,152144
DOG,dog.1244.jpg,111272
DOG,dog.10946.jpg,92573
DOG,dog.10444.jpg,118362
DOG,dog.12420.jpg,113160
DOG,dog.12143.jpg,105074
DOG,dog.10642.jpg,91843
DOG,dog.1071.jpg,97565
DOG,dog.1307.jpg,96729
DOG,dog.10302.jpg,105170
DOG,dog.1370.jpg,107098
DOG,dog.11956.jpg,91795
DOG,dog.10578.jpg,102784
DOG,dog.12113.jpg,62492
DOG,dog.12279.jpg,118385
DOG,dog.11363.jpg,105679
DOG,dog.1522.jpg,111825
DOG,dog.12488.jpg,128375
DOG,dog.10555.jpg,133209
DOG,dog.1263.jpg,88131
DOG,dog.1045.jpg,94851
DOG,dog.10275.jpg,123011
DOG,dog.11511.jpg,118676
DOG,dog.10262.jpg,138281
DOG,dog.1375.jpg,84443
DOG,dog.10316.jpg,114350
DOG,dog.10672.jpg,110628
DOG,dog.1447.jpg,89871
DOG,dog.12122.jpg,100765
DOG,dog.11756.jpg,140759
DOG,dog.10401.jpg,137962
DOG,dog.12075.jpg,43223
DOG,dog.12344.jpg,90505
DOG,dog.11126.jpg,95290
DOG,dog.11720.jpg,122095
DOG,dog.10318.jpg,94991
DOG,dog.135.jpg,95083
DOG,dog.11141.jpg,133509
DOG,dog.10895.jpg,102217
DOG,dog.11395.jpg,76837
DOG,dog.11039.jpg,84591
DOG,dog.12451.jpg,126897
DOG,dog.11359.jpg,49381
DOG,dog.11909.jpg,88968
DOG,dog.1176.jpg,66838
DOG,dog.11549.jpg,106647
DOG,dog.1009.jpg,81172
DOG,dog.1292.jpg,146463
DOG,dog.10067.jpg,148005
DOG,dog.11734.jpg,119978
DOG,dog.11235.jpg,100100
DOG,dog.11117.jpg,108235
DOG,dog.10808.jpg,114628
DOG,dog.10871.jpg,84323
DOG,dog.12185.jpg,65518
DOG,dog.11435.jpg,102799
DOG,dog.12028.jpg,69213
DOG,dog.11773.jpg,120139
DOG,dog.10840.jpg,82253
DOG,dog.11607.jpg,89445
DOG,dog.10255.jpg,122650
DOG,dog.12352.jpg,121393
DOG,dog.10596.jpg,101286
DOG,dog.1090.jpg,110999
DOG,dog.11008.jpg,135125
DOG,dog.10018.jpg,115167
DOG,dog.10870.jpg,91915
DOG,dog.11447.jpg,130693
DOG,dog.11171.jpg,172020
DOG,dog.10432.jpg,121515
DOG,dog.1590.jpg,114700
DOG,dog.10132.jpg,101815
DOG,dog.10843.jpg,102242
DOG,dog.11652.jpg,103242
DOG,dog.11333.jpg,115921
DOG,dog.1436.jpg,107836
DOG,dog.10524.jpg,115145
DOG,dog.12473.jpg,107398
DOG,dog.10377.jpg,163845
DOG,dog.11776.jpg,80870
DOG,dog.11364.jpg,123488
DOG,dog.10305.jpg,101959
DOG,dog.10810.jpg,105250
DOG,dog.11023.jpg,106401
DOG,dog.12023.jpg,110032
DOG,dog.10847.jpg,84080
DOG,dog.10285.jpg,112597
DOG,dog.11196.jpg,120127
DOG,dog.10916.jpg,98861
DOG,dog.10385.jpg,107380
DOG,dog.1393.jpg,166503
DOG,dog.11010.jpg,86228
DOG,dog.10951.jpg,100375
DOG,dog.162.jpg,119815
DOG,dog.10190.jpg,180308
DOG,dog.10972.jpg,97907
DOG,dog.1569.jpg,101397
DOG,dog.11181.jpg,95615
DOG,dog.11234.jpg,104854
DOG,dog.142.jpg,115277
DOG,dog.10149.jpg,168127
DOG,dog.1554.jpg,80708
DOG,dog.11158.jpg,138307
DOG,dog.10991.jpg,88225
DOG,dog.125.jpg,103258
DOG,dog.10130.jpg,114081
DOG,dog.12338.jpg,105272
DOG,dog.11906.jpg,131718
DOG,dog.10824.jpg,110297
DOG,dog.12168.jpg,114590
DOG,dog.11859.jpg,97817
DOG,dog.12161.jpg,83843
DOG,dog.10171.jpg,119511
DOG,dog.10693.jpg,104415
DOG,dog.10152.jpg,139676
DOG,dog.1036.jpg,115592
DOG,dog.11452.jpg,51883
DOG,dog.132.jpg,143233
DOG,dog.11560.jpg,115282
DOG,dog.10448.jpg,112690
DOG,dog.1030.jpg,149159
DOG,dog.11156.jpg,78096
DOG,dog.11223.jpg,145174
DOG,dog.12047.jpg,101869
DOG,dog.11671.jpg,84137
DOG,dog.11975.jpg,57846
DOG,dog.12325.jpg,99919
DOG,dog.10782.jpg,106721
DOG,dog.12454.jpg,107262
DOG,dog.1164.jpg,106620
DOG,dog.12221.jpg,125392
DOG,dog.11829.jpg,108579
DOG,dog.1526.jpg,123156
DOG,dog.12346.jpg,122119
DOG,dog.10562.jpg,127701
DOG,dog.12432.jpg,105195
DOG,dog.11786.jpg,76412
DOG,dog.1193.jpg,122293
DOG,dog.11610.jpg,137533
DOG,dog.11265.jpg,85649
DOG,dog.10647.jpg,115565
DOG,dog.10242.jpg,104059
DOG,dog.12214.jpg,63374
DOG,dog.11542.jpg,103655
DOG,dog.12210.jpg,122184
DOG,dog.11066.jpg,84116
DOG,dog.10960.jpg,65362
DOG,dog.10325.jpg,110448
DOG,dog.10209.jpg,100312
DOG,dog.1501.jpg,175004
DOG,dog.16.jpg,97402
DOG,dog.10887.jpg,142376
DOG,dog.11679.jpg,116656
DOG,dog.1434.jpg,108474
DOG,dog.11484.jpg,65134
DOG,dog.10104.jpg,74557
DOG,dog.11007.jpg,117303
DOG,dog.10920.jpg,106517
DOG,dog.12258.jpg,78428
DOG,dog.10076.jpg,67495
DOG,dog.12243.jpg,109311
DOG,dog.10192.jpg,95193
DOG,dog.11713.jpg,86962
DOG,dog.1578.jpg,85389
DOG,dog.10980.jpg,99663
DOG,dog.1052.jpg,66040
DOG,dog.10584.jpg,140757
DOG,dog.10483.jpg,140654
DOG,dog.11083.jpg,106778
DOG,dog.10724.jpg,149699
DOG,dog.15.jpg,106911
DOG,dog.11227.jpg,148833
DOG,dog.11703.jpg,72086
DOG,dog.11899.jpg,81409
DOG,dog.1063.jpg,76517
DOG,dog.10813.jpg,95483
DOG,dog.11355.jpg,112842
DOG,dog.1344.jpg,142449
DOG,dog.10807.jpg,90926
DOG,dog.11331.jpg,120496
DOG,dog.10757.jpg,93661
DOG,dog.11622.jpg,144764
DOG,dog.1626.jpg,125153
DOG,dog.11213.jpg,80149
DOG,dog.11665.jpg,92708
DOG,dog.11563.jpg,77573
DOG,dog.10527.jpg,83573
DOG,dog.1462.jpg,79419
DOG,dog.10122.jpg,146284
DOG,dog.1262.jpg,75313
DOG,dog.10382.jpg,104029
DOG,dog.10503.jpg,107066
DOG,dog.11406.jpg,109381
DOG,dog.10799.jpg,124320
DOG,dog.11548.jpg,96138
DOG,dog.11310.jpg,116626
DOG,dog.12166.jpg,133490
DOG,dog.1070.jpg,121319
DOG,dog.10716.jpg,158311
DOG,dog.1492.jpg,89668
DOG,dog.11535.jpg,94444
DOG,dog.10623.jpg,115932
DOG,dog.11309.jpg,175674
DOG,dog.11736.jpg,92981
DOG,dog.11769.jpg,112324
DOG,dog.11457.jpg,109471
DOG,dog.11806.jpg,155903
DOG,dog.10336.jpg,140940
DOG,dog.10228.jpg,126481
DOG,dog.11246.jpg,43728
DOG,dog.12057.jpg,120004
DOG,dog.11166.jpg,100941
DOG,dog.10184.jpg,114673
DOG,dog.126.jpg,129733
DOG,dog.11891.jpg,99746
DOG,dog.10600.jpg,125427
DOG,dog.12250.jpg,95600
DOG,dog.10166.jpg,104134
DOG,dog.11578.jpg,102436
DOG,dog.10670.jpg,51553
DOG,dog.130.jpg,108823
DOG,dog.12076.jpg,121994
DOG,dog.1468.jpg,84929
DOG,dog.12430.jpg,91006
DOG,dog.1285.jpg,105376
DOG,dog.11819.jpg,84389
DOG,dog.11631.jpg,99043
DOG,dog.1072.jpg,107961
DOG,dog.1547.jpg,129084
DOG,dog.12209.jpg,101752
DOG,dog.12482.jpg,118868
DOG,dog.1610.jpg,98084
DOG,dog.10731.jpg,134477
DOG,dog.11045.jpg,93960
DOG,dog.1087.jpg,113315
DOG,dog.11362.jpg,125867
DOG,dog.10864.jpg,106891
DOG,dog.10016.jpg,120142
DOG,dog.12019.jpg,114321
DOG,dog.11733.jpg,105645
DOG,dog.11814.jpg,110049
DOG,dog.11119.jpg,115897
DOG,dog.12104.jpg,77853
DOG,dog.11520.jpg,115192
DOG,dog.1051.jpg,71521
DOG,dog.1415.jpg,109811
DOG,dog.1170.jpg,94640
DOG,dog.1132.jpg,115417
DOG,dog.12385.jpg,130502
DOG,dog.11684.jpg,58106
DOG,dog.10061.jpg,70908
DOG,dog.11389.jpg,115427
DOG,dog.12181.jpg,96815
DOG,dog.1527.jpg,85857
DOG,dog.11072.jpg,69073
DOG,dog.12478.jpg,105999
DOG,dog.11065.jpg,135819
DOG,dog.10301.jpg,126982
DOG,dog.11530.jpg,81594
DOG,dog.10506.jpg,137809
DOG,dog.1007.jpg,127357
DOG,dog.1491.jpg,20858
DOG,dog.12271.jpg,122147
DOG,dog.10.jpg,143298
DOG,dog.1213.jpg,178221
DOG,dog.11356.jpg,87033
DOG,dog.12462.jpg,104792
DOG,dog.10839.jpg,130606
DOG,dog.11207.jpg,100002
DOG,dog.11517.jpg,94472
DOG,dog.10988.jpg,132209
DOG,dog.12072.jpg,92603
DOG,dog.1649.jpg,138744
DOG,dog.11949.jpg,73325
DOG,dog.10923.jpg,92403
DOG,dog.11598.jpg,129921
DOG,dog.11994.jpg,95871
DOG,dog.11057.jpg,100870
DOG,dog.10215.jpg,99111
DOG,dog.11451.jpg,174692
DOG,dog.11551.jpg,104183
DOG,dog.12364.jpg,117211
DOG,dog.1615.jpg,94313
DOG,dog.1311.jpg,77454
DOG,dog.12025.jpg,145569
DOG,dog.11251.jpg,76288
DOG,dog.10151.jpg,108029
DOG,dog.11668.jpg,85812
DOG,dog.11375.jpg,136636
DOG,dog.1145.jpg,142813
DOG,dog.10035.jpg,104120
DOG,dog.1512.jpg,130833
DOG,dog.11726.jpg,114274
DOG,dog.1609.jpg,114931
DOG,dog.12129.jpg,123850
DOG,dog.10686.jpg,83610
DOG,dog.1529.jpg,82283
DOG,dog.10261.jpg,118628
DOG,dog.1016.jpg,75840
DOG,dog.10232.jpg,107619
DOG,dog.1232.jpg,114343
DOG,dog.12319.jpg,110824
DOG,dog.11374.jpg,119050
DOG,dog.11349.jpg,118396
DOG,dog.1583.jpg,118264
DOG,dog.10357.jpg,122407
DOG,dog.118.jpg,98219
DOG,dog.10798.jpg,117900
DOG,dog.1178.jpg,118678
DOG,dog.1641.jpg,139823
DOG,dog.11383.jpg,122728
DOG,dog.1120.jpg,139239
DOG,dog.10198.jpg,112105
DOG,dog.10193.jpg,96636
DOG,dog.10482.jpg,112794
DOG,dog.10079.jpg,117975
DOG,dog.10626.jpg,119957
DOG,dog.11145.jpg,111274
DOG,dog.12013.jpg,113051
DOG,dog.11079.jpg,92803
DOG,dog.12498.jpg,137780
DOG,dog.10956.jpg,102465
DOG,dog.11230.jpg,69046
DOG,dog.11942.jpg,35716
DOG,dog.1261.jpg,113321
DOG,dog.10721.jpg,113587
DOG,dog.1359.jpg,129803
DOG,dog.11516.jpg,95942
DOG,dog.1022.jpg,113147
DOG,dog.11050.jpg,91302
DOG,dog.10645.jpg,136575
DOG,dog.1077.jpg,116188
DOG,dog.11874.jpg,140348
DOG,dog.11148.jpg,126999
DOG,dog.1406.jpg,85694
DOG,dog.11394.jpg,66018
DOG,dog.1342.jpg,157874
DOG,dog.11877.jpg,108165
DOG,dog.1455.jpg,73971
DOG,dog.12063.jpg,109512
DOG,dog.11445.jpg,122575
DOG,dog.10276.jpg,129532
DOG,dog.1313.jpg,128095
DOG,dog.11554.jpg,126449
DOG,dog.10078.jpg,57865
DOG,dog.11412.jpg,134941
DOG,dog.12139.jpg,125210
DOG,dog.10794.jpg,109077
DOG,dog.10216.jpg,168318
DOG,dog.12117.jpg,115379
DOG,dog.12268.jpg,103502
DOG,dog.11815.jpg,96896
DOG,dog.1637.jpg,83408
DOG,dog.12286.jpg,119140
DOG,dog.10481.jpg,69110
DOG,dog.11828.jpg,97387
DOG,dog.10052.jpg,150917
DOG,dog.11611.jpg,115433
DOG,dog.11077.jpg,97109
DOG,dog.11028.jpg,129605
DOG,dog.12309.jpg,64906
DOG,dog.10161.jpg,175109
DOG,dog.11981.jpg,81784
DOG,dog.1445.jpg,104413
DOG,dog.11089.jpg,119690
DOG,dog.10406.jpg,61997
DOG,dog.11320.jpg,139646
DOG,dog.11660.jpg,82971
DOG,dog.10150.jpg,109240
DOG,dog.11025.jpg,116791
DOG,dog.1114.jpg,145111
DOG,dog.10331.jpg,79659
DOG,dog.1216.jpg,155949
DOG,dog.11992.jpg,111598
DOG,dog.11526.jpg,94443
DOG,dog.11005.jpg,151887
DOG,dog.10632.jpg,115037
DOG,dog.10328.jpg,99744
DOG,dog.12.jpg,110003
DOG,dog.11696.jpg,101839
DOG,dog.10656.jpg,111182
DOG,dog.10892.jpg,186168
DOG,dog.11762.jpg,109892
DOG,dog.11625.jpg,86336
DOG,dog.10165.jpg,136782
DOG,dog.10475.jpg,110710
DOG,dog.11686.jpg,128627
DOG,dog.10796.jpg,112909
DOG,dog.11027.jpg,124167
DOG,dog.12121.jpg,117430
DOG,dog.1391.jpg,97124
DOG,dog.10464.jpg,93928
DOG,dog.1631.jpg,111432
DOG,dog.10573.jpg,107487
DOG,dog.1531.jpg,118562
DOG,dog.12476.jpg,137946
DOG,dog.10869.jpg,93694
DOG,dog.1330.jpg,93110
DOG,dog.10136.jpg,72257
DOG,dog.10667.jpg,111019
DOG,dog.1172.jpg,112150
DOG,dog.10514.jpg,110014
DOG,dog.1337.jpg,107626
DOG,dog.11627.jpg,102244
DOG,dog.10491.jpg,161189
DOG,dog.1371.jpg,127546
DOG,dog.10970.jpg,76333
DOG,dog.11826.jpg,110715
DOG,dog.10915.jpg,72002
DOG,dog.11725.jpg,105007
DOG,dog.127.jpg,78625
DOG,dog.11253.jpg,108790
DOG,dog.12471.jpg,104145
DOG,dog.10112.jpg,106089
DOG,dog.12456.jpg,98186
DOG,dog.10397.jpg,113743
DOG,dog.10146.jpg,77826
DOG,dog.11937.jpg,117220
DOG,dog.10236.jpg,113047
DOG,dog.1454.jpg,130231
DOG,dog.10361.jpg,90945
DOG,dog.11116.jpg,122919
DOG,dog.12077.jpg,91816
DOG,dog.11700.jpg,92258
DOG,dog.11522.jpg,114153
DOG,dog.12238.jpg,112600
DOG,dog.10073.jpg,126520
DOG,dog.1642.jpg,113373
DOG,dog.10176.jpg,70806
DOG,dog.10492.jpg,105458
DOG,dog.11225.jpg,96778
DOG,dog.11127.jpg,113693
DOG,dog.11632.jpg,134557
DOG,dog.10804.jpg,101863
DOG,dog.10987.jpg,120644
DOG,dog.12403.jpg,132745
DOG,dog.1357.jpg,153979
DOG,dog.12414.jpg,96384
DOG,dog.1154.jpg,137237
DOG,dog.11098.jpg,101017
DOG,dog.1037.jpg,113498
DOG,dog.10700.jpg,167805
DOG,dog.12045.jpg,118464
DOG,dog.1168.jpg,104076
DOG,dog.1355.jpg,150029
DOG,dog.12380.jpg,101353
DOG,dog.1650.jpg,142139
DOG,dog.1214.jpg,85122
DOG,dog.10173.jpg,86818
DOG,dog.10038.jpg,96619
DOG,dog.10000.jpg,137438
DOG,dog.11011.jpg,175527
DOG,dog.11169.jpg,126580
DOG,dog.10821.jpg,108808
DOG,dog.1140.jpg,164996
DOG,dog.11644.jpg,131252
DOG,dog.11053.jpg,130275
DOG,dog.10627.jpg,110184
DOG,dog.11360.jpg,87690
DOG,dog.10096.jpg,118073
DOG,dog.11646.jpg,126642
DOG,dog.161.jpg,86704
DOG,dog.11486.jpg,95256
DOG,dog.10631.jpg,141152
DOG,dog.10691.jpg,102441
DOG,dog.10356.jpg,123363
DOG,dog.10472.jpg,83280
DOG,dog.10592.jpg,121559
DOG,dog.10889.jpg,132947
DOG,dog.10257.jpg,111102
DOG,dog.12491.jpg,38965
DOG,dog.12358.jpg,116626
DOG,dog.11538.jpg,85007
DOG,dog.12411.jpg,97304
DOG,dog.10334.jpg,102116
DOG,dog.1275.jpg,108841
DOG,dog.12058.jpg,69164
DOG,dog.12200.jpg,143087
DOG,dog.10699.jpg,127389
DOG,dog.141.jpg,78700
DOG,dog.11000.jpg,94924
DOG,dog.11527.jpg,93603
DOG,dog.12322.jpg,148447
DOG,dog.1372.jpg,178025
DOG,dog.1150.jpg,96875
DOG,dog.12486.jpg,99256
DOG,dog.1606.jpg,81508
DOG,dog.1546.jpg,82608
DOG,dog.11062.jpg,134137
DOG,dog.11722.jpg,97741
DOG,dog.10365.jpg,92018
DOG,dog.11633.jpg,97807
DOG,dog.10893.jpg,90307
DOG,dog.1413.jpg,118555
DOG,dog.1514.jpg,114672
DOG,dog.10452.jpg,114549
DOG,dog.11332.jpg,70102
DOG,dog.11019.jpg,111838
DOG,dog.10997.jpg,104624
DOG,dog.11930.jpg,131898
DOG,dog.11082.jpg,113548
DOG,dog.10732.jpg,99310
DOG,dog.10904.jpg,184581
DOG,dog.10819.jpg,75839
DOG,dog.12361.jpg,113991
DOG,dog.11870.jpg,124793
DOG,dog.1000.jpg,109727
DOG,dog.12073.jpg,134443
DOG,dog.11269.jpg,83772
DOG,dog.11313.jpg,110839
DOG,dog.10537.jpg,117308
DOG,dog.11515.jpg,90294
DOG,dog.1496.jpg,141442
DOG,dog.1147.jpg,84536
DOG,dog.1580.jpg,125628
DOG,dog.11950.jpg,140475
DOG,dog.11740.jpg,92264
DOG,dog.10155.jpg,75142
DOG,dog.11865.jpg,81303
DOG,dog.11091.jpg,125538
DOG,dog.12055.jpg,88788
DOG,dog.1190.jpg,92816
DOG,dog.1490.jpg,99131
DOG,dog.11187.jpg,116857
DOG,dog.11263.jpg,101856
DOG,dog.10773.jpg,127842
DOG,dog.1450.jpg,96394
DOG,dog.11817.jpg,98529
DOG,dog.11609.jpg,138997
DOG,dog.11993.jpg,109715
DOG,dog.10477.jpg,121549
DOG,dog.10453.jpg,97198
DOG,dog.10348.jpg,133555
DOG,dog.11973.jpg,130385
DOG,dog.10526.jpg,85000
DOG,dog.1056.jpg,102695
DOG,dog.164.jpg,89266
DOG,dog.11384.jpg,133801
DOG,dog.11714.jpg,91657
DOG,dog.11674.jpg,86993
DOG,dog.12096.jpg,128124
DOG,dog.10396.jpg,98095
DOG,dog.11272.jpg,115138
DOG,dog.11380.jpg,119900
DOG,dog.11849.jpg,126511
DOG,dog.111.jpg,90392
DOG,dog.10419.jpg,129985
DOG,dog.11868.jpg,94227
DOG,dog.11354.jpg,106019
DOG,dog.1633.jpg,117752
DOG,dog.1068.jpg,123846
DOG,dog.11165.jpg,86427
DOG,dog.11128.jpg,82278
DOG,dog.12177.jpg,115216
DOG,dog.11344.jpg,107851
DOG,dog.11038.jpg,130094
DOG,dog.10926.jpg,104158
DOG,dog.11324.jpg,121926
DOG,dog.10661.jpg,129171
DOG,dog.1135.jpg,105236
DOG,dog.11214.jpg,116510
DOG,dog.12150.jpg,115287
DOG,dog.1568.jpg,87793
DOG,dog.1111.jpg,131655
DOG,dog.10124.jpg,97567
DOG,dog.1423.jpg,85787
DOG,dog.11293.jpg,153566
DOG,dog.12046.jpg,113571
DOG,dog.11297.jpg,101824
DOG,dog.12424.jpg,97845
DOG,dog.10001.jpg,90455
DOG,dog.11739.jpg,129286
DOG,dog.1509.jpg,62790
DOG,dog.11194.jpg,110365
DOG,dog.11300.jpg,92928
DOG,dog.1174.jpg,132244
DOG,dog.1380.jpg,93752
DOG,dog.11006.jpg,58652
DOG,dog.11477.jpg,83555
DOG,dog.10313.jpg,129904
DOG,dog.10502.jpg,95220
DOG,dog.1513.jpg,102618
DOG,dog.1520.jpg,143084
DOG,dog.10157.jpg,150961
DOG,dog.11422.jpg,103483
DOG,dog.10329.jpg,80495
DOG,dog.10310.jpg,119041
DOG,dog.1180.jpg,96187
DOG,dog.10748.jpg,71092
DOG,dog.10097.jpg,94572
DOG,dog.1227.jpg,105236
DOG,dog.12345.jpg,117303
DOG,dog.11592.jpg,113087
DOG,dog.10939.jpg,124856
DOG,dog.10375.jpg,104631
DOG,dog.10736.jpg,116790
DOG,dog.10554.jpg,86005
DOG,dog.11748.jpg,94910
DOG,dog.1247.jpg,101025
DOG,dog.12452.jpg,91281
DOG,dog.11672.jpg,79609
DOG,dog.10093.jpg,132837
DOG,dog.12149.jpg,105626
DOG,dog.10355.jpg,116481
DOG,dog.11381.jpg,119030
DOG,dog.10747.jpg,122427
DOG,dog.11825.jpg,84457
DOG,dog.11996.jpg,102636
DOG,dog.10831.jpg,119529
DOG,dog.1318.jpg,144414
DOG,dog.11728.jpg,117383
DOG,dog.10564.jpg,96418
DOG,dog.10033.jpg,128458
DOG,dog.12366.jpg,76792
DOG,dog.10689.jpg,132576
DOG,dog.12208.jpg,84772
DOG,dog.10958.jpg,88907
DOG,dog.11831.jpg,116433
DOG,dog.1350.jpg,98521
DOG,dog.11026.jpg,79748
DOG,dog.11986.jpg,52291
DOG,dog.12479.jpg,107916
DOG,dog.10648.jpg,111233
DOG,dog.11830.jpg,121818
DOG,dog.10036.jpg,89697
DOG,dog.10293.jpg,94716
DOG,dog.10056.jpg,126113
DOG,dog.10081.jpg,120352
DOG,dog.11303.jpg,160930
DOG,dog.1565.jpg,119350
DOG,dog.10068.jpg,90765
DOG,dog.12423.jpg,110906
DOG,dog.11954.jpg,70884
DOG,dog.10861.jpg,137311
DOG,dog.1152.jpg,66954
DOG,dog.1505.jpg,91301
DOG,dog.12202.jpg,103356
DOG,dog.10185.jpg,91455
DOG,dog.10719.jpg,104991
DOG,dog.12230.jpg,137245
DOG,dog.11159.jpg,89484
DOG,dog.10964.jpg,111951
DOG,dog.10654.jpg,114558
DOG,dog.12107.jpg,98626
DOG,dog.10479.jpg,89115
DOG,dog.12284.jpg,113417
DOG,dog.11927.jpg,103820
DOG,dog.1287.jpg,123542
DOG,dog.10062.jpg,122809
DOG,dog.11439.jpg,118057
DOG,dog.12236.jpg,118956
DOG,dog.10391.jpg,99635
DOG,dog.1469.jpg,114309
DOG,dog.10571.jpg,136062
DOG,dog.11281.jpg,152426
DOG,dog.10787.jpg,68167
DOG,dog.1094.jpg,106363
DOG,dog.11543.jpg,55232
DOG,dog.10300.jpg,81068
DOG,dog.12080.jpg,83486
DOG,dog.12009.jpg,121383
DOG,dog.11596.jpg,81882
DOG,dog.1485.jpg,94191
DOG,dog.12218.jpg,61539
DOG,dog.11614.jpg,164239
DOG,dog.12153.jpg,112961
DOG,dog.10651.jpg,91299
DOG,dog.14.jpg,123339
DOG,dog.11735.jpg,118483
DOG,dog.1618.jpg,54238
DOG,dog.12017.jpg,123520
DOG,dog.12301.jpg,99579
DOG,dog.10433.jpg,156168
DOG,dog.11134.jpg,74031
DOG,dog.1638.jpg,57298
DOG,dog.11391.jpg,39224
DOG,dog.11131.jpg,110216
DOG,dog.11003.jpg,120020
DOG,dog.1427.jpg,104827
DOG,dog.10337.jpg,146537
DOG,dog.10953.jpg,123116
DOG,dog.12270.jpg,104682
DOG,dog.12001.jpg,79519
DOG,dog.10374.jpg,78399
DOG,dog.1419.jpg,85475
DOG,dog.10663.jpg,130060
DOG,dog.11518.jpg,90108
DOG,dog.1596.jpg,109501
DOG,dog.11630.jpg,85893
DOG,dog.10169.jpg,95347
DOG,dog.11863.jpg,70857
DOG,dog.11730.jpg,100043
DOG,dog.11133.jpg,127972
DOG,dog.11997.jpg,132882
DOG,dog.11774.jpg,104468
DOG,dog.11329.jpg,96314
DOG,dog.12437.jpg,121568
DOG,dog.10026.jpg,129888
DOG,dog.10043.jpg,120493
DOG,dog.1388.jpg,106464
DOG,dog.10513.jpg,78987
DOG,dog.1018.jpg,113018
DOG,dog.11717.jpg,65034
DOG,dog.1599.jpg,181159
DOG,dog.10196.jpg,86281
DOG,dog.10863.jpg,111064
DOG,dog.12102.jpg,129874
DOG,dog.10461.jpg,96202
DOG,dog.1581.jpg,164564
DOG,dog.10586.jpg,110566
DOG,dog.12247.jpg,116684
DOG,dog.11770.jpg,111748
DOG,dog.13.jpg,98671
DOG,dog.11101.jpg,105726
DOG,dog.1273.jpg,135734
DOG,dog.11378.jpg,80251
DOG,dog.11771.jpg,95361
DOG,dog.10239.jpg,108161
DOG,dog.11705.jpg,156692
DOG,dog.10244.jpg,94130
DOG,dog.11054.jpg,122939
DOG,dog.11784.jpg,79052
DOG,dog.1294.jpg,116603
DOG,dog.11209.jpg,90313
DOG,dog.11795.jpg,96650
DOG,dog.1059.jpg,130259
DOG,dog.1416.jpg,98924
DOG,dog.10561.jpg,118086
DOG,dog.11835.jpg,141304
DOG,dog.11507.jpg,49431
DOG,dog.1269.jpg,45048
DOG,dog.12171.jpg,112588
DOG,dog.11295.jpg,79908
DOG,dog.12390.jpg,121648
DOG,dog.11325.jpg,109462
DOG,dog.10769.jpg,86501
DOG,dog.1338.jpg,91226
DOG,dog.12196.jpg,108471
DOG,dog.1001.jpg,125487
DOG,dog.1221.jpg,83709
DOG,dog.12041.jpg,85161
DOG,dog.11176.jpg,129662
DOG,dog.10024.jpg,108986
DOG,dog.1209.jpg,129296
DOG,dog.1495.jpg,129042
DOG,dog.1508.jpg,107478
DOG,dog.12265.jpg,122858
DOG,dog.12453.jpg,92127
DOG,dog.10279.jpg,102325
DOG,dog.10720.jpg,172133
DOG,dog.10027.jpg,88319
DOG,dog.12083.jpg,95427
DOG,dog.1647.jpg,111278
DOG,dog.115.jpg,67727
DOG,dog.12239.jpg,80852
DOG,dog.11306.jpg,146292
DOG,dog.12061.jpg,85109
DOG,dog.1228.jpg,106810
DOG,dog.10933.jpg,111766
DOG,dog.10936.jpg,164933
DOG,dog.1162.jpg,140000
DOG,dog.1452.jpg,127121
DOG,dog.10541.jpg,108784
DOG,dog.10281.jpg,122718
DOG,dog.11460.jpg,102659
DOG,dog.11284.jpg,84367
DOG,dog.11074.jpg,93640
DOG,dog.1270.jpg,107476
DOG,dog.1383.jpg,109362
DOG,dog.10474.jpg,151840
DOG,dog.10694.jpg,105977
DOG,dog.10271.jpg,64554
DOG,dog.12246.jpg,163508
DOG,dog.10137.jpg,82472
DOG,dog.10560.jpg,86922
DOG,dog.11323.jpg,132819
DOG,dog.12065.jpg,125882
DOG,dog.11160.jpg,151296
DOG,dog.1417.jpg,77847
DOG,dog.10898.jpg,123410
DOG,dog.106.jpg,93943
DOG,dog.1335.jpg,114814
DOG,dog.11911.jpg,109106
DOG,dog.10932.jpg,151565
DOG,dog.12256.jpg,155105
DOG,dog.10012.jpg,67738
DOG,dog.10446.jpg,82072
DOG,dog.10614.jpg,122410
DOG,dog.11858.jpg,117498
DOG,dog.1517.jpg,107134
DOG,dog.10387.jpg,92678
DOG,dog.11969.jpg,105687
DOG,dog.10940.jpg,68794
DOG,dog.1593.jpg,102527
DOG,dog.11433.jpg,119587
DOG,dog.11441.jpg,115266
DOG,dog.1343.jpg,75980
DOG,dog.10167.jpg,127509
DOG,dog.10934.jpg,110603
DOG,dog.10637.jpg,95814
DOG,dog.12494.jpg,92633
DOG,dog.1317.jpg,110086
DOG,dog.10248.jpg,90109
DOG,dog.10845.jpg,108569
DOG,dog.1465.jpg,105588
DOG,dog.10379.jpg,79079
DOG,dog.10522.jpg,97473
DOG,dog.11052.jpg,96208
DOG,dog.12489.jpg,68913
DOG,dog.11521.jpg,111726
DOG,dog.11711.jpg,97572
DOG,dog.1588.jpg,86392
DOG,dog.10170.jpg,114258
DOG,dog.11661.jpg,110757
DOG,dog.11358.jpg,92860
DOG,dog.1363.jpg,108579
DOG,dog.11876.jpg,134130
DOG,dog.10598.jpg,126130
DOG,dog.11887.jpg,105021
DOG,dog.11638.jpg,100746
DOG,dog.11653.jpg,137038
DOG,dog.11042.jpg,71021
DOG,dog.11228.jpg,106241
DOG,dog.11977.jpg,71253
DOG,dog.12490.jpg,137620
DOG,dog.11912.jpg,103518
DOG,dog.1326.jpg,119620
DOG,dog.11125.jpg,100130
DOG,dog.11009.jpg,105660
DOG,dog.11585.jpg,119424
DOG,dog.1353.jpg,141397
DOG,dog.10876.jpg,149715
DOG,dog.11673.jpg,95388
DOG,dog.11680.jpg,76514
DOG,dog.11594.jpg,121539
DOG,dog.12082.jpg,97879
DOG,dog.10145.jpg,153451
DOG,dog.1215.jpg,83235
DOG,dog.11761.jpg,84407
DOG,dog.10930.jpg,119423
DOG,dog.1321.jpg,95729
DOG,dog.11130.jpg,89147
DOG,dog.10398.jpg,101880
DOG,dog.10048.jpg,114691
DOG,dog.146.jpg,96659
DOG,dog.11215.jpg,84533
DOG,dog.157.jpg,110499
DOG,dog.11624.jpg,116073
DOG,dog.148.jpg,133386
DOG,dog.12179.jpg,73190
DOG,dog.12332.jpg,72151
DOG,dog.158.jpg,118982
DOG,dog.11092.jpg,70868
DOG,dog.1264.jpg,117637
DOG,dog.0.jpg,100749
DOG,dog.11779.jpg,110609
DOG,dog.12427.jpg,84930
DOG,dog.11099.jpg,86044
DOG,dog.12030.jpg,94158
DOG,dog.10534.jpg,117896
DOG,dog.12158.jpg,114610
DOG,dog.112.jpg,112605
DOG,dog.10928.jpg,104047
DOG,dog.11338.jpg,120282
DOG,dog.1187.jpg,126295
DOG,dog.11570.jpg,71041
DOG,dog.10714.jpg,81083
DOG,dog.143.jpg,127772
DOG,dog.1646.jpg,112133
DOG,dog.11442.jpg,159538
DOG,dog.11157.jpg,120366
DOG,dog.10797.jpg,137962
DOG,dog.11462.jpg,114960
DOG,dog.10040.jpg,135194
DOG,dog.12449.jpg,130351
DOG,dog.11685.jpg,107404
DOG,dog.11483.jpg,107213
DOG,dog.1024.jpg,100343
DOG,dog.1139.jpg,119531
DOG,dog.11505.jpg,103785
DOG,dog.12450.jpg,83101
DOG,dog.11576.jpg,143809
DOG,dog.10094.jpg,104507
DOG,dog.11766.jpg,113490
DOG,dog.11298.jpg,131527
DOG,dog.10339.jpg,70609
DOG,dog.1404.jpg,83330
DOG,dog.11097.jpg,93627
DOG,dog.11991.jpg,111178
DOG,dog.11267.jpg,128234
DOG,dog.12174.jpg,100439
DOG,dog.11694.jpg,85006
DOG,dog.10085.jpg,138862
DOG,dog.10701.jpg,102948
DOG,dog.12369.jpg,88126
DOG,dog.1175.jpg,120459
DOG,dog.11537.jpg,104335
DOG,dog.11078.jpg,108749
DOG,dog.11639.jpg,102566
DOG,dog.12087.jpg,116118
DOG,dog.1336.jpg,103254
DOG,dog.11270.jpg,94577
DOG,dog.10368.jpg,102480
DOG,dog.11757.jpg,111190
DOG,dog.10894.jpg,111174
DOG,dog.12310.jpg,82719
DOG,dog.1314.jpg,82969
DOG,dog.12253.jpg,100734
DOG,dog.10914.jpg,123447
DOG,dog.11785.jpg,109853
DOG,dog.12165.jpg,128360
DOG,dog.1474.jpg,94146
DOG,dog.10790.jpg,123789
DOG,dog.12460.jpg,70674
DOG,dog.10159.jpg,85831
DOG,dog.101.jpg,115487
DOG,dog.10949.jpg,72835
DOG,dog.10775.jpg,70430
DOG,dog.1635.jpg,126748
DOG,dog.1014.jpg,155239
DOG,dog.10292.jpg,88584
DOG,dog.10237.jpg,157473
DOG,dog.11163.jpg,118419
DOG,dog.11414.jpg,92748
DOG,dog.1524.jpg,146595
DOG,dog.1407.jpg,105194
DOG,dog.10617.jpg,132344
DOG,dog.10604.jpg,131863
DOG,dog.10021.jpg,106108
DOG,dog.10879.jpg,92580
DOG,dog.100.jpg,76178
DOG,dog.10615.jpg,147799
DOG,dog.10286.jpg,133139
DOG,dog.10223.jpg,107929
DOG,dog.11900.jpg,126296
DOG,dog.1545.jpg,118397
DOG,dog.10187.jpg,121954
DOG,dog.11980.jpg,113197
DOG,dog.12148.jpg,105805
DOG,dog.12374.jpg,107545
DOG,dog.12408.jpg,136872
DOG,dog.11621.jpg,131861
DOG,dog.129.jpg,135879
DOG,dog.10106.jpg,122283
DOG,dog.1029.jpg,114538
DOG,dog.10674.jpg,106725
DOG,dog.12465.jpg,99992
DOG,dog.12464.jpg,147491
DOG,dog.11951.jpg,77447
DOG,dog.10753.jpg,133574
DOG,dog.10774.jpg,117390
DOG,dog.11030.jpg,76636
DOG,dog.1435.jpg,64437
DOG,dog.11799.jpg,70080
DOG,dog.11493.jpg,98956
DOG,dog.11758.jpg,96337
DOG,dog.10317.jpg,68959
DOG,dog.1191.jpg,81720
DOG,dog.10484.jpg,115324
DOG,dog.11959.jpg,98795
DOG,dog.12170.jpg,126810
DOG,dog.10273.jpg,110001
DOG,dog.11600.jpg,149536
DOG,dog.1296.jpg,88387
DOG,dog.11591.jpg,123372
DOG,dog.11626.jpg,121539
DOG,dog.11430.jpg,70610
DOG,dog.11232.jpg,107472
DOG,dog.1607.jpg,100670
DOG,dog.1476.jpg,81189
DOG,dog.10966.jpg,111022
DOG,dog.1202.jpg,121938
DOG,dog.10971.jpg,92570
DOG,dog.11528.jpg,105234
DOG,dog.12199.jpg,200545
DOG,dog.104.jpg,60694
DOG,dog.12351.jpg,67284
DOG,dog.11525.jpg,92361
DOG,dog.1478.jpg,109032
DOG,dog.11921.jpg,133801
DOG,dog.10254.jpg,113368
DOG,dog.10682.jpg,104222
DOG,dog.10044.jpg,97465
DOG,dog.10439.jpg,108037
DOG,dog.1422.jpg,86001
DOG,dog.11100.jpg,64613
DOG,dog.1281.jpg,109853
DOG,dog.1347.jpg,140627
DOG,dog.11205.jpg,109846
DOG,dog.12090.jpg,113118
DOG,dog.1196.jpg,145778
DOG,dog.1021.jpg,132902
DOG,dog.10039.jpg,107953
DOG,dog.1153.jpg,108113
DOG,dog.10144.jpg,75708
DOG,dog.11015.jpg,80619
DOG,dog.10707.jpg,103850
DOG,dog.10009.jpg,146123
DOG,dog.11810.jpg,126639
DOG,dog.11747.jpg,83856
DOG,dog.10246.jpg,81838
DOG,dog.1076.jpg,145204
DOG,dog.11471.jpg,115797
DOG,dog.1043.jpg,152249
DOG,dog.10252.jpg,104489
DOG,dog.10823.jpg,151132
DOG,dog.1003.jpg,90339
DOG,dog.12136.jpg,102525
DOG,dog.11709.jpg,108151
DOG,dog.11869.jpg,130624
DOG,dog.11628.jpg,125098
DOG,dog.11716.jpg,91273
DOG,dog.1010.jpg,114501
DOG,dog.11854.jpg,99175
DOG,dog.10726.jpg,73654
DOG,dog.1230.jpg,81438
DOG,dog.10037.jpg,135862
DOG,dog.1085.jpg,104128
DOG,dog.1550.jpg,129332
DOG,dog.1405.jpg,108775
DOG,dog.11567.jpg,104294
DOG,dog.12027.jpg,107587
DOG,dog.11029.jpg,110878
DOG,dog.12115.jpg,99577
DOG,dog.11847.jpg,119149
DOG,dog.121.jpg,105988
DOG,dog.10625.jpg,124905
DOG,dog.10766.jpg,84572
DOG,dog.1133.jpg,107109
DOG,dog.11365.jpg,126746
DOG,dog.11853.jpg,113841
DOG,dog.10400.jpg,78911
DOG,dog.11931.jpg,152071
DOG,dog.11778.jpg,80002
DOG,dog.10022.jpg,88717
DOG,dog.11124.jpg,91897
DOG,dog.12463.jpg,135117
DOG,dog.145.jpg,53566
DOG,dog.11838.jpg,142275
DOG,dog.11278.jpg,109428
DOG,dog.12078.jpg,70334
DOG,dog.11211.jpg,99891
DOG,dog.1004.jpg,76549
DOG,dog.10996.jpg,144630
DOG,dog.11437.jpg,92066
DOG,dog.1571.jpg,110159
DOG,dog.1040.jpg,109920
DOG,dog.1061.jpg,127342
DOG,dog.12269.jpg,120705
DOG,dog.11955.jpg,162884
DOG,dog.1141.jpg,93643
DOG,dog.11947.jpg,82828
DOG,dog.10580.jpg,107505
DOG,dog.11619.jpg,86718
DOG,dog.10856.jpg,79952
DOG,dog.10007.jpg,104802
DOG,dog.11238.jpg,117541
DOG,dog.10494.jpg,144068
DOG,dog.11580.jpg,105859
DOG,dog.11995.jpg,120711
